,AvailabilityZone,InstanceType,MaximumNetworkInterfaces,SpotPrice,PricePerInterface,Timestamp
0,us-east-1a,m6id.large,3,0.0557,0.0219,2024-01-28 22:03:24+00:00
1,us-east-1b,r3.large,3,0.0682,0.026066666666666665,2024-01-28 22:03:23+00:00
2,us-east-1a,c7i.24xlarge,15,1.6859,0.11706,2024-01-28 22:03:12+00:00
3,us-east-1b,r6in.8xlarge,8,2.0353,0.2587875,2024-01-28 22:03:11+00:00
4,us-east-1c,c5a.16xlarge,15,1.2167,0.08578,2024-01-28 22:03:08+00:00
5,us-east-1b,m5n.24xlarge,15,2.8387,0.1939133333333333,2024-01-28 22:03:07+00:00
6,us-east-1d,x1e.32xlarge,8,10.4456,1.310075,2024-01-28 22:03:02+00:00
7,us-east-1a,m5n.metal,15,2.4721,0.16947333333333334,2024-01-28 22:03:00+00:00
8,us-east-1d,r7a.32xlarge,15,4.2033,0.2848866666666667,2024-01-28 22:02:59+00:00
9,us-east-1c,r6a.48xlarge,15,4.3712,0.29608,2024-01-28 22:02:59+00:00
10,us-east-1c,m6in.8xlarge,8,1.0297,0.1330875,2024-01-28 22:02:58+00:00
11,us-east-1d,m5n.2xlarge,4,0.3042,0.07980000000000001,2024-01-28 22:02:57+00:00
12,us-east-1f,r7i.24xlarge,15,2.5002,0.17134666666666665,2024-01-28 22:02:57+00:00
13,us-east-1b,x1.32xlarge,8,5.1939,0.6536125,2024-01-28 22:02:57+00:00
14,us-east-1d,r5dn.16xlarge,15,2.3791,0.16327333333333333,2024-01-28 22:02:55+00:00
15,us-east-1a,m7a.4xlarge,8,0.4321,0.058387499999999995,2024-01-28 22:02:55+00:00
16,us-east-1d,r7a.xlarge,4,0.1469,0.040475,2024-01-28 22:02:54+00:00
17,us-east-1d,m6g.metal,15,1.1572,0.08181333333333334,2024-01-28 22:02:52+00:00
18,us-east-1f,m5n.16xlarge,15,1.9175,0.1325,2024-01-28 22:02:52+00:00
19,us-east-1f,m7gd.medium,2,0.0214,0.0132,2024-01-28 22:02:52+00:00
20,us-east-1d,r6id.8xlarge,8,1.1698,0.15059999999999998,2024-01-28 22:02:51+00:00
21,us-east-1a,c5d.24xlarge,15,2.2318,0.1534533333333333,2024-01-28 22:02:51+00:00
22,us-east-1d,r6i.xlarge,4,0.1111,0.031525,2024-01-28 22:02:51+00:00
23,us-east-1b,m6a.48xlarge,15,3.5063,0.23842,2024-01-28 22:02:51+00:00
24,us-east-1a,r5n.24xlarge,15,3.2815,0.22343333333333332,2024-01-28 22:02:50+00:00
25,us-east-1a,g5.16xlarge,8,1.5384,0.196675,2024-01-28 22:02:50+00:00
26,us-east-1c,g5.48xlarge,7,6.1913,0.8887571428571429,2024-01-28 22:02:49+00:00
27,us-east-1b,r7iz.12xlarge,8,1.8552,0.23627499999999999,2024-01-28 22:02:49+00:00
28,us-east-1d,c7i.xlarge,4,0.0912,0.02655,2024-01-28 22:02:49+00:00
29,us-east-1b,r6id.4xlarge,8,0.5989,0.0792375,2024-01-28 22:02:49+00:00
30,us-east-1c,r6id.4xlarge,8,0.6032,0.079775,2024-01-28 22:02:49+00:00
31,us-east-1c,r5b.metal,15,3.8205,0.25936666666666663,2024-01-28 22:02:48+00:00
32,us-east-1c,m7gd.2xlarge,4,0.2124,0.05685,2024-01-28 22:02:48+00:00
33,us-east-1a,m6gd.metal,15,1.2098,0.08532000000000001,2024-01-28 22:02:47+00:00
34,us-east-1f,c5ad.large,3,0.0374,0.0158,2024-01-28 22:02:46+00:00
35,us-east-1a,r6in.16xlarge,15,3.3099,0.22532666666666665,2024-01-28 22:02:46+00:00
36,us-east-1c,r5a.2xlarge,4,0.2684,0.07085000000000001,2024-01-28 22:02:46+00:00
37,us-east-1c,c7i.16xlarge,15,1.1673,0.08248666666666667,2024-01-28 22:02:45+00:00
38,us-east-1b,m5d.12xlarge,8,1.1301,0.1456375,2024-01-28 22:02:44+00:00
39,us-east-1a,x2gd.2xlarge,4,0.4209,0.108975,2024-01-28 22:02:44+00:00
40,us-east-1d,x2gd.2xlarge,4,0.3934,0.10210000000000001,2024-01-28 22:02:44+00:00
41,us-east-1a,m7i-flex.4xlarge,8,0.4856,0.065075,2024-01-28 22:02:44+00:00
42,us-east-1d,m7i-flex.4xlarge,8,0.4937,0.06608750000000001,2024-01-28 22:02:44+00:00
43,us-east-1f,c7a.12xlarge,8,1.0147,0.13121249999999998,2024-01-28 22:02:43+00:00
44,us-east-1b,m7gd.12xlarge,8,1.156,0.14887499999999998,2024-01-28 22:02:43+00:00
45,us-east-1f,x2idn.16xlarge,15,2.8181,0.19254,2024-01-28 22:02:42+00:00
46,us-east-1b,c6gn.2xlarge,4,0.1435,0.039624999999999994,2024-01-28 22:02:41+00:00
47,us-east-1c,c7i.large,3,0.0378,0.015933333333333334,2024-01-28 22:02:41+00:00
48,us-east-1d,x2iedn.2xlarge,4,0.694,0.17725,2024-01-28 22:02:41+00:00
49,us-east-1a,r7gd.2xlarge,4,0.3792,0.09855,2024-01-28 22:02:40+00:00
50,us-east-1e,m4.10xlarge,8,0.899,0.11675,2024-01-28 22:02:40+00:00
51,us-east-1f,m5a.16xlarge,15,1.3362,0.09374666666666667,2024-01-28 22:02:40+00:00
52,us-east-1c,p3.16xlarge,8,8.5143,1.0686625,2024-01-28 22:02:40+00:00
53,us-east-1f,c6g.xlarge,4,0.0643,0.019825,2024-01-28 22:02:39+00:00
54,us-east-1d,m5d.16xlarge,15,1.6563,0.11508666666666668,2024-01-28 22:02:39+00:00
55,us-east-1c,r5dn.12xlarge,8,2.4004,0.304425,2024-01-28 22:02:38+00:00
56,us-east-1f,t3a.large,3,0.0337,0.014566666666666667,2024-01-28 22:02:38+00:00
57,us-east-1b,c7gd.4xlarge,8,0.3256,0.045075000000000004,2024-01-28 22:02:34+00:00
58,us-east-1f,c6in.4xlarge,8,0.3863,0.0526625,2024-01-28 22:02:33+00:00
59,us-east-1f,r7iz.2xlarge,4,0.3579,0.093225,2024-01-28 22:02:33+00:00
60,us-east-1b,im4gn.8xlarge,8,1.084,0.139875,2024-01-28 22:02:32+00:00
61,us-east-1d,g5.24xlarge,15,3.9077,0.26518,2024-01-28 22:02:31+00:00
62,us-east-1b,inf1.6xlarge,8,0.5051,0.0675125,2024-01-28 22:02:31+00:00
63,us-east-1b,m6i.12xlarge,8,0.9588,0.124225,2024-01-28 22:02:30+00:00
64,us-east-1f,c6i.large,3,0.0423,0.017433333333333332,2024-01-28 22:02:29+00:00
65,us-east-1c,x1e.8xlarge,4,2.5714,0.6466000000000001,2024-01-28 22:02:29+00:00
66,us-east-1d,r5b.2xlarge,4,0.3723,0.09682500000000001,2024-01-28 22:02:29+00:00
67,us-east-1a,r6in.metal,14,3.8336,0.2784714285714286,2024-01-28 22:02:28+00:00
68,us-east-1a,m7a.12xlarge,8,1.2741,0.1636375,2024-01-28 22:02:27+00:00
69,us-east-1f,r6a.4xlarge,8,0.4536,0.061075000000000004,2024-01-28 22:02:26+00:00
70,us-east-1a,c6i.24xlarge,15,1.6816,0.11677333333333334,2024-01-28 22:02:24+00:00
71,us-east-1f,t2.2xlarge,3,0.1533,0.054433333333333334,2024-01-28 22:02:24+00:00
72,us-east-1d,r5d.xlarge,4,0.1477,0.040675,2024-01-28 22:02:23+00:00
73,us-east-1b,c5ad.24xlarge,15,1.6041,0.11160666666666667,2024-01-28 22:02:22+00:00
74,us-east-1c,r7g.2xlarge,4,0.2328,0.061950000000000005,2024-01-28 22:02:21+00:00
75,us-east-1f,m5a.large,3,0.0423,0.017433333333333332,2024-01-28 22:02:20+00:00
76,us-east-1f,r5.2xlarge,4,0.2533,0.06707500000000001,2024-01-28 22:02:20+00:00
77,us-east-1f,i3.xlarge,4,0.1366,0.0379,2024-01-28 22:02:20+00:00
78,us-east-1c,m5a.4xlarge,8,0.3533,0.0485375,2024-01-28 22:02:20+00:00
79,us-east-1b,c6gn.xlarge,4,0.0682,0.0208,2024-01-28 22:02:17+00:00
80,us-east-1f,c6i.8xlarge,8,0.6555,0.0863125,2024-01-28 22:02:17+00:00
81,us-east-1d,m6idn.16xlarge,15,2.6768,0.18312,2024-01-28 22:02:16+00:00
82,us-east-1f,r6in.12xlarge,8,2.3386,0.2967,2024-01-28 22:02:15+00:00
83,us-east-1a,r6a.8xlarge,8,0.7762,0.1014,2024-01-28 22:02:15+00:00
84,us-east-1d,c7g.16xlarge,15,0.9769,0.06979333333333333,2024-01-28 22:02:14+00:00
85,us-east-1e,t2.xlarge,3,0.0711,0.02703333333333333,2024-01-28 22:02:14+00:00
86,us-east-1d,c5ad.4xlarge,8,0.3409,0.0469875,2024-01-28 22:02:14+00:00
87,us-east-1f,r5a.large,3,0.0526,0.02086666666666667,2024-01-28 22:02:13+00:00
88,us-east-1a,m6id.2xlarge,4,0.2012,0.05405,2024-01-28 22:02:13+00:00
89,us-east-1f,i4i.xlarge,4,0.1347,0.037425,2024-01-28 22:02:12+00:00
90,us-east-1c,c5.4xlarge,8,0.326,0.045125,2024-01-28 22:02:12+00:00
91,us-east-1b,m5.8xlarge,8,0.6912,0.09077500000000001,2024-01-28 22:02:11+00:00
92,us-east-1b,g5.2xlarge,4,0.6633,0.169575,2024-01-28 22:02:11+00:00
93,us-east-1f,r5n.metal,15,3.5695,0.24263333333333334,2024-01-28 22:02:10+00:00
94,us-east-1f,m5a.xlarge,4,0.0867,0.025425,2024-01-28 22:02:10+00:00
95,us-east-1f,r6i.16xlarge,15,1.6866,0.11710666666666668,2024-01-28 22:02:08+00:00
96,us-east-1a,inf1.2xlarge,4,0.2062,0.0553,2024-01-28 22:02:07+00:00
97,us-east-1d,i4i.2xlarge,4,0.298,0.07825,2024-01-28 22:02:07+00:00
98,us-east-1b,m6g.xlarge,4,0.068,0.02075,2024-01-28 22:02:06+00:00
99,us-east-1a,m6g.xlarge,4,0.0668,0.02045,2024-01-28 22:02:06+00:00
100,us-east-1b,m6g.4xlarge,8,0.2651,0.037512500000000004,2024-01-28 22:02:06+00:00
101,us-east-1d,c5n.large,3,0.0596,0.0232,2024-01-28 21:48:18+00:00
102,us-east-1f,m5ad.24xlarge,15,2.1506,0.14803999999999998,2024-01-28 21:48:13+00:00
103,us-east-1a,m5d.12xlarge,8,1.1962,0.15389999999999998,2024-01-28 21:48:08+00:00
104,us-east-1d,inf1.2xlarge,4,0.1656,0.045149999999999996,2024-01-28 21:48:07+00:00
105,us-east-1a,c6gn.medium,2,0.0195,0.01225,2024-01-28 21:48:06+00:00
106,us-east-1b,m7gd.8xlarge,8,0.6517,0.0858375,2024-01-28 21:48:06+00:00
107,us-east-1b,r7g.xlarge,4,0.1027,0.029425,2024-01-28 21:48:06+00:00
108,us-east-1d,r7g.xlarge,4,0.1014,0.0291,2024-01-28 21:48:06+00:00
109,us-east-1c,r7g.xlarge,4,0.1029,0.029475,2024-01-28 21:48:06+00:00
110,us-east-1b,c6gd.12xlarge,8,0.7886,0.10295,2024-01-28 21:48:03+00:00
111,us-east-1a,c5a.12xlarge,8,0.944,0.122375,2024-01-28 21:48:02+00:00
112,us-east-1f,g5.4xlarge,8,0.8001,0.10438750000000001,2024-01-28 21:48:02+00:00
113,us-east-1d,i4i.12xlarge,8,2.3924,0.303425,2024-01-28 21:48:02+00:00
114,us-east-1a,r5.24xlarge,15,2.4792,0.16994666666666666,2024-01-28 21:48:02+00:00
115,us-east-1a,a1.medium,2,0.0123,0.00865,2024-01-28 21:48:02+00:00
116,us-east-1c,c6a.24xlarge,15,1.6941,0.11760666666666666,2024-01-28 21:48:02+00:00
117,us-east-1c,r7iz.16xlarge,15,2.3247,0.15964666666666666,2024-01-28 21:48:02+00:00
118,us-east-1f,m5zn.3xlarge,8,0.6275,0.0828125,2024-01-28 21:48:01+00:00
119,us-east-1a,m5zn.3xlarge,8,0.5487,0.0729625,2024-01-28 21:48:01+00:00
120,us-east-1b,r6gd.8xlarge,8,0.7754,0.1013,2024-01-28 21:48:01+00:00
121,us-east-1f,c7g.16xlarge,15,0.9733,0.06955333333333334,2024-01-28 21:48:01+00:00
122,us-east-1a,x2iedn.xlarge,4,0.3349,0.087475,2024-01-28 21:48:00+00:00
123,us-east-1b,r5b.2xlarge,4,0.384,0.09975,2024-01-28 21:48:00+00:00
124,us-east-1d,m5ad.4xlarge,8,0.4729,0.0634875,2024-01-28 21:47:59+00:00
125,us-east-1f,m6idn.4xlarge,8,0.5872,0.07777500000000001,2024-01-28 21:47:58+00:00
126,us-east-1a,m6idn.4xlarge,8,0.6461,0.0851375,2024-01-28 21:47:58+00:00
127,us-east-1a,g5g.8xlarge,8,0.6195,0.08181250000000001,2024-01-28 21:47:58+00:00
128,us-east-1c,c6i.12xlarge,8,0.9992,0.129275,2024-01-28 21:47:57+00:00
129,us-east-1f,m5ad.12xlarge,8,1.1802,0.15189999999999998,2024-01-28 21:47:57+00:00
130,us-east-1a,im4gn.4xlarge,8,0.5561,0.07388750000000001,2024-01-28 21:47:56+00:00
131,us-east-1f,r5dn.8xlarge,8,1.6241,0.2073875,2024-01-28 21:47:56+00:00
132,us-east-1c,r7i.12xlarge,8,0.7581,0.0991375,2024-01-28 21:47:55+00:00
133,us-east-1c,d3en.12xlarge,3,2.7031,0.9043666666666667,2024-01-28 21:47:54+00:00
134,us-east-1c,x1e.4xlarge,4,1.377,0.348,2024-01-28 21:47:54+00:00
135,us-east-1b,im4gn.2xlarge,4,0.2768,0.07295,2024-01-28 21:47:54+00:00
136,us-east-1d,im4gn.2xlarge,4,0.2841,0.07477500000000001,2024-01-28 21:47:54+00:00
137,us-east-1d,x2iezn.8xlarge,8,2.8216,0.35707500000000003,2024-01-28 21:47:53+00:00
138,us-east-1e,i2.xlarge,4,0.3289,0.08597500000000001,2024-01-28 21:47:53+00:00
139,us-east-1c,r6i.24xlarge,15,2.6987,0.18458,2024-01-28 21:47:53+00:00
140,us-east-1f,c7a.16xlarge,15,1.2345,0.08696666666666666,2024-01-28 21:47:52+00:00
141,us-east-1d,m5n.24xlarge,15,2.7572,0.18848,2024-01-28 21:47:52+00:00
142,us-east-1c,g5.24xlarge,15,3.1875,0.21716666666666665,2024-01-28 21:47:52+00:00
143,us-east-1a,m5zn.metal,15,1.8414,0.12742666666666666,2024-01-28 21:47:51+00:00
144,us-east-1b,r6i.32xlarge,15,3.5547,0.24164666666666665,2024-01-28 21:47:51+00:00
145,us-east-1d,z1d.3xlarge,8,0.5233,0.0697875,2024-01-28 21:47:51+00:00
146,us-east-1d,m5ad.8xlarge,8,0.7621,0.0996375,2024-01-28 21:47:50+00:00
147,us-east-1f,m6i.12xlarge,8,0.9972,0.129025,2024-01-28 21:47:50+00:00
148,us-east-1f,m5dn.large,3,0.0558,0.021933333333333332,2024-01-28 21:47:49+00:00
149,us-east-1d,i4i.metal,15,4.4799,0.3033266666666667,2024-01-28 21:47:48+00:00
150,us-east-1c,r5ad.12xlarge,8,1.1952,0.153775,2024-01-28 21:47:48+00:00
151,us-east-1c,g5.16xlarge,8,1.6353,0.2087875,2024-01-28 21:47:48+00:00
152,us-east-1b,r5b.8xlarge,8,1.9017,0.24208749999999998,2024-01-28 21:47:48+00:00
153,us-east-1e,i2.2xlarge,4,0.5503,0.141325,2024-01-28 21:47:47+00:00
154,us-east-1f,r5ad.16xlarge,15,1.9379,0.13385999999999998,2024-01-28 21:47:46+00:00
155,us-east-1b,r6in.16xlarge,15,3.3187,0.22591333333333333,2024-01-28 21:47:46+00:00
156,us-east-1d,m6id.4xlarge,8,0.5004,0.066925,2024-01-28 21:47:45+00:00
157,us-east-1f,c6gn.xlarge,4,0.0741,0.022275,2024-01-28 21:47:45+00:00
158,us-east-1c,r6id.xlarge,4,0.1317,0.036675,2024-01-28 21:47:44+00:00
159,us-east-1a,r5n.16xlarge,15,1.8086,0.12524,2024-01-28 21:47:44+00:00
160,us-east-1b,c6in.8xlarge,8,0.7915,0.1033125,2024-01-28 21:47:44+00:00
161,us-east-1b,m7g.2xlarge,4,0.1436,0.039650000000000005,2024-01-28 21:47:44+00:00
162,us-east-1c,m7g.2xlarge,4,0.1553,0.042575,2024-01-28 21:47:44+00:00
163,us-east-1d,t3a.xlarge,4,0.0669,0.020475,2024-01-28 21:47:44+00:00
164,us-east-1d,a1.4xlarge,8,0.2385,0.034187499999999996,2024-01-28 21:47:43+00:00
165,us-east-1d,g5.12xlarge,15,2.4993,0.17128666666666664,2024-01-28 21:47:43+00:00
166,us-east-1c,m6a.48xlarge,15,3.8128,0.2588533333333333,2024-01-28 21:47:43+00:00
167,us-east-1f,r7a.large,3,0.0601,0.023366666666666664,2024-01-28 21:47:43+00:00
168,us-east-1b,c7gd.8xlarge,8,0.6512,0.085775,2024-01-28 21:47:42+00:00
169,us-east-1b,r5.12xlarge,8,1.2977,0.1665875,2024-01-28 21:47:42+00:00
170,us-east-1d,r5.12xlarge,8,1.3022,0.16715,2024-01-28 21:47:42+00:00
171,us-east-1d,c7i.2xlarge,4,0.1671,0.045524999999999996,2024-01-28 21:47:41+00:00
172,us-east-1b,r6g.2xlarge,4,0.1934,0.052099999999999994,2024-01-28 21:47:41+00:00
173,us-east-1f,m6in.32xlarge,14,3.5216,0.2561857142857143,2024-01-28 21:47:41+00:00
174,us-east-1d,m6in.12xlarge,8,2.0137,0.2560875,2024-01-28 21:47:41+00:00
175,us-east-1e,p2.xlarge,4,0.3863,0.100325,2024-01-28 21:47:39+00:00
176,us-east-1d,x2gd.16xlarge,15,2.2248,0.15298666666666666,2024-01-28 21:47:39+00:00
177,us-east-1f,r5dn.large,3,0.06,0.02333333333333333,2024-01-28 21:47:39+00:00
178,us-east-1b,r6idn.12xlarge,8,2.8243,0.3574125,2024-01-28 21:47:39+00:00
179,us-east-1f,r7gd.2xlarge,4,0.3047,0.07992500000000001,2024-01-28 21:47:39+00:00
180,us-east-1a,r6in.32xlarge,14,5.6428,0.40770000000000006,2024-01-28 21:47:39+00:00
181,us-east-1d,c6g.metal,15,1.0837,0.07691333333333335,2024-01-28 21:47:38+00:00
182,us-east-1b,r5a.2xlarge,4,0.2646,0.0699,2024-01-28 21:47:38+00:00
183,us-east-1a,c7a.metal-48xl,15,4.2935,0.2909,2024-01-28 21:47:38+00:00
184,us-east-1c,r6idn.2xlarge,4,0.3374,0.0881,2024-01-28 21:47:36+00:00
185,us-east-1f,m5n.12xlarge,8,1.7158,0.21885,2024-01-28 21:47:36+00:00
186,us-east-1a,c5.18xlarge,15,1.279,0.08993333333333334,2024-01-28 21:47:34+00:00
187,us-east-1f,t3.xlarge,4,0.0725,0.021875,2024-01-28 21:47:34+00:00
188,us-east-1d,m6i.2xlarge,4,0.181,0.049,2024-01-28 21:47:34+00:00
189,us-east-1c,r6in.xlarge,4,0.148,0.040749999999999995,2024-01-28 21:47:33+00:00
190,us-east-1c,m5.16xlarge,15,1.2376,0.08717333333333334,2024-01-28 21:47:32+00:00
191,us-east-1f,r6i.metal,15,3.2543,0.22162,2024-01-28 21:47:32+00:00
192,us-east-1c,c6g.12xlarge,8,0.796,0.10387500000000001,2024-01-28 21:47:32+00:00
193,us-east-1a,m5ad.16xlarge,15,1.49,0.10400000000000001,2024-01-28 21:47:32+00:00
194,us-east-1b,r4.large,3,0.0686,0.026199999999999998,2024-01-28 21:47:32+00:00
195,us-east-1b,r5d.large,3,0.0665,0.0255,2024-01-28 21:47:31+00:00
196,us-east-1b,m6id.2xlarge,4,0.1812,0.049049999999999996,2024-01-28 21:47:29+00:00
197,us-east-1d,i3.8xlarge,8,1.1576,0.14907499999999999,2024-01-28 21:47:28+00:00
198,us-east-1f,m7a.12xlarge,8,1.116,0.143875,2024-01-28 21:47:27+00:00
199,us-east-1f,inf2.8xlarge,8,0.79,0.10312500000000001,2024-01-28 21:47:25+00:00
200,us-east-1c,m6g.16xlarge,15,1.3369,0.09379333333333334,2024-01-28 21:47:24+00:00
201,us-east-1c,m7i.large,3,0.0483,0.019433333333333334,2024-01-28 21:47:24+00:00
202,us-east-1f,p3.8xlarge,8,4.7335,0.5960625,2024-01-28 21:47:24+00:00
203,us-east-1d,m5d.large,3,0.0545,0.021500000000000002,2024-01-28 21:47:23+00:00
204,us-east-1c,c5ad.12xlarge,8,0.8514,0.11080000000000001,2024-01-28 21:47:23+00:00
205,us-east-1c,r7g.large,3,0.047,0.019,2024-01-28 21:47:20+00:00
206,us-east-1b,m5d.2xlarge,4,0.2763,0.072825,2024-01-28 21:47:19+00:00
207,us-east-1f,c7gn.2xlarge,4,0.2051,0.055025000000000004,2024-01-28 21:47:17+00:00
208,us-east-1b,d3en.4xlarge,4,1.0706,0.2714,2024-01-28 21:47:17+00:00
209,us-east-1a,m6idn.16xlarge,15,2.2126,0.15217333333333333,2024-01-28 21:47:16+00:00
210,us-east-1f,t3a.2xlarge,4,0.1477,0.040675,2024-01-28 21:47:16+00:00
211,us-east-1f,m5zn.large,3,0.0642,0.02473333333333333,2024-01-28 21:47:14+00:00
212,us-east-1f,r7iz.metal-16xl,15,2.3212,0.15941333333333332,2024-01-28 21:47:12+00:00
213,us-east-1d,g4dn.metal,15,3.6501,0.24800666666666665,2024-01-28 21:47:11+00:00
214,us-east-1f,m6a.xlarge,4,0.0915,0.026625,2024-01-28 21:47:11+00:00
215,us-east-1a,i4i.xlarge,4,0.1505,0.041374999999999995,2024-01-28 21:47:11+00:00
216,us-east-1d,i4i.xlarge,4,0.1762,0.047799999999999995,2024-01-28 21:47:11+00:00
217,us-east-1b,g4dn.xlarge,3,0.2292,0.07973333333333334,2024-01-28 21:47:11+00:00
218,us-east-1d,m6in.16xlarge,15,2.7881,0.19054,2024-01-28 21:47:08+00:00
219,us-east-1c,m5.8xlarge,8,0.6967,0.0914625,2024-01-28 21:47:08+00:00
220,us-east-1d,m4.4xlarge,8,0.3711,0.0507625,2024-01-28 21:47:07+00:00
221,us-east-1c,r6id.large,3,0.0656,0.0252,2024-01-28 21:47:06+00:00
222,us-east-1a,m5d.24xlarge,15,2.5875,0.17716666666666664,2024-01-28 21:47:06+00:00
223,us-east-1c,r6g.large,3,0.0465,0.018833333333333334,2024-01-28 21:47:06+00:00
224,us-east-1c,t3.medium,3,0.0187,0.009566666666666668,2024-01-28 21:47:06+00:00
225,us-east-1a,g5g.4xlarge,8,0.3551,0.0487625,2024-01-28 21:47:06+00:00
226,us-east-1b,r6g.12xlarge,8,0.8905,0.1156875,2024-01-28 21:47:05+00:00
227,us-east-1a,c6i.xlarge,4,0.0815,0.024125,2024-01-28 21:47:03+00:00
228,us-east-1c,z1d.12xlarge,15,1.7371,0.12047333333333335,2024-01-28 21:47:03+00:00
229,us-east-1a,c7g.2xlarge,4,0.1223,0.034325,2024-01-28 21:47:03+00:00
230,us-east-1a,c5d.9xlarge,8,0.9497,0.1230875,2024-01-28 21:47:02+00:00
231,us-east-1f,r4.large,3,0.058,0.02266666666666667,2024-01-28 21:47:00+00:00
232,us-east-1b,i4i.4xlarge,8,0.6294,0.08305,2024-01-28 21:47:00+00:00
233,us-east-1b,trn1n.32xlarge,80,8.868,0.1157875,2024-01-28 21:34:40+00:00
234,us-east-1b,r6a.16xlarge,15,1.5039,0.10492666666666667,2024-01-28 21:34:40+00:00
235,us-east-1d,r7a.2xlarge,4,0.3175,0.083125,2024-01-28 21:34:38+00:00
236,us-east-1f,c6g.12xlarge,8,0.6806,0.08945,2024-01-28 21:34:35+00:00
237,us-east-1d,a1.medium,2,0.0111,0.00805,2024-01-28 21:34:35+00:00
238,us-east-1c,m5a.12xlarge,8,0.9677,0.1253375,2024-01-28 21:34:35+00:00
239,us-east-1c,r5dn.8xlarge,8,1.7636,0.224825,2024-01-28 21:34:35+00:00
240,us-east-1f,m7g.12xlarge,8,0.8117,0.1058375,2024-01-28 21:34:34+00:00
241,us-east-1a,r5n.12xlarge,8,1.6373,0.2090375,2024-01-28 21:34:31+00:00
242,us-east-1f,x2gd.metal,15,1.9329,0.13352666666666665,2024-01-28 21:34:31+00:00
243,us-east-1b,m7i-flex.2xlarge,4,0.2201,0.058774999999999994,2024-01-28 21:34:29+00:00
244,us-east-1d,m6gd.metal,15,1.4296,0.09997333333333333,2024-01-28 21:34:29+00:00
245,us-east-1b,x2iedn.4xlarge,8,1.6905,0.21568749999999998,2024-01-28 21:34:28+00:00
246,us-east-1f,m7i.metal-24xl,15,1.7627,0.12218,2024-01-28 21:34:28+00:00
247,us-east-1d,vt1.6xlarge,8,0.6166,0.08145000000000001,2024-01-28 21:34:28+00:00
248,us-east-1f,m6i.metal,15,2.6249,0.17966,2024-01-28 21:34:26+00:00
249,us-east-1b,m7i.24xlarge,15,2.0767,0.14311333333333334,2024-01-28 21:34:24+00:00
250,us-east-1b,c6gn.medium,2,0.0185,0.01175,2024-01-28 21:34:23+00:00
251,us-east-1d,m5a.24xlarge,15,1.7448,0.12098666666666666,2024-01-28 21:34:22+00:00
252,us-east-1c,r6idn.xlarge,4,0.1747,0.047424999999999995,2024-01-28 21:34:20+00:00
253,us-east-1d,c7a.24xlarge,15,2.1703,0.14935333333333334,2024-01-28 21:34:20+00:00
254,us-east-1f,c5n.9xlarge,8,0.8481,0.1103875,2024-01-28 21:34:18+00:00
255,us-east-1e,g3.4xlarge,8,0.5227,0.06971250000000001,2024-01-28 21:34:15+00:00
256,us-east-1f,i4i.metal,15,4.2138,0.2855866666666667,2024-01-28 21:34:11+00:00
257,us-east-1a,m5n.12xlarge,8,1.5251,0.19501249999999998,2024-01-28 21:34:10+00:00
258,us-east-1c,r5n.16xlarge,15,2.8583,0.19521999999999998,2024-01-28 21:34:08+00:00
259,us-east-1b,r6id.large,3,0.0611,0.0237,2024-01-28 21:34:07+00:00
260,us-east-1d,c5a.8xlarge,8,0.5481,0.07288750000000001,2024-01-28 21:34:07+00:00
261,us-east-1a,im4gn.large,3,0.0631,0.024366666666666665,2024-01-28 21:34:06+00:00
262,us-east-1c,x2idn.24xlarge,15,5.2537,0.35491333333333336,2024-01-28 21:34:05+00:00
263,us-east-1c,m6a.16xlarge,15,1.4186,0.09924000000000001,2024-01-28 21:34:04+00:00
264,us-east-1d,c7a.xlarge,4,0.1303,0.036324999999999996,2024-01-28 21:34:03+00:00
265,us-east-1d,r7a.48xlarge,15,6.0675,0.4091666666666667,2024-01-28 21:34:02+00:00
266,us-east-1b,x1e.32xlarge,8,10.3582,1.29915,2024-01-28 21:34:02+00:00
267,us-east-1f,c6a.48xlarge,15,3.5758,0.24305333333333332,2024-01-28 21:34:01+00:00
268,us-east-1b,m5n.metal,15,2.3847,0.16364666666666666,2024-01-28 21:34:00+00:00
269,us-east-1d,c6i.12xlarge,8,0.9035,0.1173125,2024-01-28 21:34:00+00:00
270,us-east-1b,c3.8xlarge,8,0.7936,0.103575,2024-01-28 21:33:59+00:00
271,us-east-1b,i4i.16xlarge,15,2.195,0.15099999999999997,2024-01-28 21:33:59+00:00
272,us-east-1a,m6i.16xlarge,15,1.3215,0.09276666666666666,2024-01-28 21:33:58+00:00
273,us-east-1b,m7a.large,3,0.0468,0.018933333333333333,2024-01-28 21:33:57+00:00
274,us-east-1d,r5n.xlarge,4,0.152,0.041749999999999995,2024-01-28 21:33:56+00:00
275,us-east-1b,c6in.12xlarge,8,1.2496,0.160575,2024-01-28 21:33:56+00:00
276,us-east-1a,m5dn.2xlarge,4,0.3065,0.080375,2024-01-28 21:33:56+00:00
277,us-east-1f,c6i.32xlarge,15,2.1052,0.14501333333333333,2024-01-28 21:33:55+00:00
278,us-east-1c,r5b.8xlarge,8,1.8465,0.2351875,2024-01-28 21:33:55+00:00
279,us-east-1d,z1d.xlarge,4,0.1765,0.047875,2024-01-28 21:33:55+00:00
280,us-east-1d,c6gn.16xlarge,15,1.1538,0.08158666666666667,2024-01-28 21:33:54+00:00
281,us-east-1d,d3en.12xlarge,3,2.6095,0.8731666666666666,2024-01-28 21:33:54+00:00
282,us-east-1f,r6gd.medium,2,0.0336,0.019299999999999998,2024-01-28 21:33:54+00:00
283,us-east-1f,m6g.4xlarge,8,0.331,0.04575,2024-01-28 21:33:54+00:00
284,us-east-1b,m6a.metal,15,3.5882,0.24387999999999999,2024-01-28 21:33:54+00:00
285,us-east-1f,c6i.24xlarge,15,1.7857,0.12371333333333334,2024-01-28 21:33:53+00:00
286,us-east-1c,i2.xlarge,4,0.3383,0.088325,2024-01-28 21:33:53+00:00
287,us-east-1d,m6in.4xlarge,8,0.7529,0.0984875,2024-01-28 21:33:52+00:00
288,us-east-1c,m6in.4xlarge,8,0.476,0.063875,2024-01-28 21:33:52+00:00
289,us-east-1a,r7g.metal,15,1.4977,0.10451333333333333,2024-01-28 21:33:52+00:00
290,us-east-1a,x2iedn.2xlarge,4,0.7615,0.194125,2024-01-28 21:33:51+00:00
291,us-east-1b,c5n.2xlarge,4,0.2309,0.061475,2024-01-28 21:33:51+00:00
292,us-east-1b,i4i.12xlarge,8,1.8159,0.2313625,2024-01-28 21:33:51+00:00
293,us-east-1f,i4i.12xlarge,8,2.0092,0.255525,2024-01-28 21:33:51+00:00
294,us-east-1a,m5a.xlarge,4,0.0886,0.0259,2024-01-28 21:33:50+00:00
295,us-east-1f,t3.2xlarge,4,0.1408,0.03895,2024-01-28 21:33:50+00:00
296,us-east-1c,m6i.32xlarge,15,2.9128,0.1988533333333333,2024-01-28 21:33:50+00:00
297,us-east-1a,c6a.16xlarge,15,1.1765,0.08310000000000001,2024-01-28 21:33:50+00:00
298,us-east-1a,x2iezn.8xlarge,8,2.6488,0.335475,2024-01-28 21:33:50+00:00
299,us-east-1a,r7gd.large,3,0.0575,0.022500000000000003,2024-01-28 21:33:50+00:00
300,us-east-1f,m5a.4xlarge,8,0.3395,0.04681250000000001,2024-01-28 21:33:49+00:00
301,us-east-1b,m5n.16xlarge,15,2.049,0.14126666666666665,2024-01-28 21:33:49+00:00
302,us-east-1b,m7a.4xlarge,8,0.4414,0.059550000000000006,2024-01-28 21:33:48+00:00
303,us-east-1b,m7i.12xlarge,8,1.0927,0.1409625,2024-01-28 21:33:48+00:00
304,us-east-1a,m3.2xlarge,4,0.2385,0.063375,2024-01-28 21:33:48+00:00
305,us-east-1b,m3.xlarge,4,0.1219,0.034225,2024-01-28 21:33:48+00:00
306,us-east-1f,d2.4xlarge,8,0.9861,0.1276375,2024-01-28 21:33:48+00:00
307,us-east-1d,m6g.12xlarge,8,0.7883,0.1029125,2024-01-28 21:33:47+00:00
308,us-east-1f,c5.24xlarge,15,1.5818,0.11012000000000001,2024-01-28 21:33:46+00:00
309,us-east-1b,r5ad.4xlarge,8,0.6168,0.081475,2024-01-28 21:33:46+00:00
310,us-east-1d,r6in.16xlarge,15,2.9668,0.20245333333333332,2024-01-28 21:33:45+00:00
311,us-east-1d,d3.8xlarge,3,1.5315,0.5138333333333334,2024-01-28 21:33:45+00:00
312,us-east-1c,r7iz.4xlarge,8,0.6368,0.08397500000000001,2024-01-28 21:33:45+00:00
313,us-east-1c,r5b.12xlarge,8,2.1462,0.27265,2024-01-28 21:33:45+00:00
314,us-east-1b,m5.xlarge,4,0.0804,0.02385,2024-01-28 21:33:44+00:00
315,us-east-1d,r5ad.xlarge,4,0.1884,0.050850000000000006,2024-01-28 21:33:44+00:00
316,us-east-1d,r5.24xlarge,15,2.3588,0.16191999999999998,2024-01-28 21:33:44+00:00
317,us-east-1d,c6a.24xlarge,15,1.7023,0.11815333333333333,2024-01-28 21:33:44+00:00
318,us-east-1d,r5.xlarge,4,0.1089,0.030975,2024-01-28 21:33:41+00:00
319,us-east-1f,c7a.metal-48xl,15,3.5971,0.24447333333333335,2024-01-28 21:33:37+00:00
320,us-east-1a,t3.small,3,0.0081,0.006033333333333332,2024-01-28 21:33:36+00:00
321,us-east-1a,m5zn.xlarge,4,0.2103,0.056325,2024-01-28 21:33:36+00:00
322,us-east-1d,x2gd.8xlarge,8,1.1986,0.1542,2024-01-28 21:33:34+00:00
323,us-east-1d,r5a.4xlarge,8,0.3829,0.052237500000000006,2024-01-28 21:33:32+00:00
324,us-east-1c,r5a.4xlarge,8,0.4444,0.059925000000000006,2024-01-28 21:33:32+00:00
325,us-east-1a,m5.16xlarge,15,1.4548,0.10165333333333335,2024-01-28 21:33:32+00:00
326,us-east-1d,c6gd.xlarge,4,0.0691,0.021025,2024-01-28 21:33:32+00:00
327,us-east-1b,r5n.8xlarge,8,1.2723,0.1634125,2024-01-28 21:33:31+00:00
328,us-east-1d,c6in.large,3,0.0504,0.020133333333333333,2024-01-28 21:33:31+00:00
329,us-east-1f,i4i.4xlarge,8,0.6473,0.0852875,2024-01-28 21:33:31+00:00
330,us-east-1a,i4i.4xlarge,8,0.6557,0.0863375,2024-01-28 21:33:31+00:00
331,us-east-1a,i3en.xlarge,4,0.2079,0.055725,2024-01-28 21:33:30+00:00
332,us-east-1f,r6i.2xlarge,4,0.2581,0.068275,2024-01-28 21:33:30+00:00
333,us-east-1b,t4g.xlarge,4,0.0588,0.01845,2024-01-28 21:33:23+00:00
334,us-east-1b,m5.24xlarge,15,2.1073,0.14515333333333333,2024-01-28 21:33:22+00:00
335,us-east-1b,c5a.24xlarge,15,1.5961,0.11107333333333334,2024-01-28 21:33:20+00:00
336,us-east-1b,m6a.4xlarge,8,0.4248,0.057475,2024-01-28 21:33:19+00:00
337,us-east-1a,c4.large,3,0.0679,0.025966666666666666,2024-01-28 21:33:19+00:00
338,us-east-1d,x1e.8xlarge,4,2.5164,0.63285,2024-01-28 21:18:28+00:00
339,us-east-1b,c6id.16xlarge,15,1.4298,0.09998666666666667,2024-01-28 21:18:27+00:00
340,us-east-1d,m5.12xlarge,8,0.9602,0.12440000000000001,2024-01-28 21:18:19+00:00
341,us-east-1d,r5dn.12xlarge,8,2.7939,0.3536125,2024-01-28 21:18:18+00:00
342,us-east-1b,r6in.24xlarge,15,3.9286,0.26657333333333333,2024-01-28 21:18:13+00:00
343,us-east-1a,x2iezn.4xlarge,8,1.4841,0.1898875,2024-01-28 21:18:12+00:00
344,us-east-1c,m2.4xlarge,8,0.426,0.057624999999999996,2024-01-28 21:18:11+00:00
345,us-east-1d,c7g.8xlarge,8,0.5217,0.06958750000000001,2024-01-28 21:18:08+00:00
346,us-east-1f,r6idn.large,3,0.0751,0.028366666666666665,2024-01-28 21:18:05+00:00
347,us-east-1d,g3.16xlarge,15,1.7269,0.11979333333333335,2024-01-28 21:18:04+00:00
348,us-east-1b,c7i.12xlarge,8,0.9135,0.1185625,2024-01-28 21:18:02+00:00
349,us-east-1b,g4dn.metal,15,3.4271,0.23314,2024-01-28 21:18:00+00:00
350,us-east-1f,m5dn.16xlarge,15,1.8317,0.12678,2024-01-28 21:17:59+00:00
351,us-east-1a,r7a.8xlarge,8,1.3147,0.1687125,2024-01-28 21:17:59+00:00
352,us-east-1b,c6a.32xlarge,15,2.1989,0.15126,2024-01-28 21:17:58+00:00
353,us-east-1a,r7iz.metal-32xl,15,4.3983,0.2978866666666667,2024-01-28 21:17:58+00:00
354,us-east-1d,c3.4xlarge,8,0.3687,0.05046250000000001,2024-01-28 21:17:57+00:00
355,us-east-1c,r6in.12xlarge,8,1.9203,0.24441249999999998,2024-01-28 21:17:57+00:00
356,us-east-1b,p3.2xlarge,4,1.5589,0.39347499999999996,2024-01-28 21:17:56+00:00
357,us-east-1b,x2idn.16xlarge,15,2.9487,0.20124666666666666,2024-01-28 21:17:55+00:00
358,us-east-1d,r6id.xlarge,4,0.1472,0.04055,2024-01-28 21:17:54+00:00
359,us-east-1c,c6gn.16xlarge,15,1.1462,0.08108000000000001,2024-01-28 21:17:54+00:00
360,us-east-1a,x2iedn.16xlarge,15,5.0006,0.33804000000000006,2024-01-28 21:17:54+00:00
361,us-east-1f,r6idn.xlarge,4,0.1516,0.041650000000000006,2024-01-28 21:17:53+00:00
362,us-east-1f,m6in.12xlarge,8,1.7441,0.2223875,2024-01-28 21:17:52+00:00
363,us-east-1d,x2idn.32xlarge,15,4.5102,0.3053466666666667,2024-01-28 21:17:52+00:00
364,us-east-1e,f1.4xlarge,8,1.4778,0.1891,2024-01-28 21:17:51+00:00
365,us-east-1f,x2gd.4xlarge,8,0.5613,0.0745375,2024-01-28 21:17:51+00:00
366,us-east-1b,c7i.metal-24xl,15,2.5601,0.17533999999999997,2024-01-28 21:17:51+00:00
367,us-east-1f,i3en.metal,15,4.1466,0.2811066666666667,2024-01-28 21:17:50+00:00
368,us-east-1a,m5a.24xlarge,15,1.973,0.13620000000000002,2024-01-28 21:17:50+00:00
369,us-east-1d,i3.metal,15,1.8719,0.12946,2024-01-28 21:17:50+00:00
370,us-east-1a,h1.8xlarge,8,0.7881,0.1028875,2024-01-28 21:17:50+00:00
371,us-east-1d,r7gd.large,3,0.0569,0.0223,2024-01-28 21:17:49+00:00
372,us-east-1a,m7i.12xlarge,8,1.1125,0.1434375,2024-01-28 21:17:48+00:00
373,us-east-1a,r6in.2xlarge,4,0.4376,0.11315,2024-01-28 21:17:48+00:00
374,us-east-1c,r6in.2xlarge,4,0.3014,0.0791,2024-01-28 21:17:48+00:00
375,us-east-1b,m2.2xlarge,4,0.2167,0.057925000000000004,2024-01-28 21:17:48+00:00
376,us-east-1f,r7a.12xlarge,8,1.6756,0.213825,2024-01-28 21:17:46+00:00
377,us-east-1a,c7a.2xlarge,4,0.2148,0.05745,2024-01-28 21:17:46+00:00
378,us-east-1d,m5zn.6xlarge,8,1.0274,0.1328,2024-01-28 21:17:46+00:00
379,us-east-1a,m5n.8xlarge,8,0.9893,0.1280375,2024-01-28 21:17:46+00:00
380,us-east-1b,c5ad.large,3,0.045,0.018333333333333333,2024-01-28 21:17:46+00:00
381,us-east-1a,d3.8xlarge,3,1.4981,0.5027,2024-01-28 21:17:45+00:00
382,us-east-1d,c7gn.4xlarge,8,0.4198,0.05685,2024-01-28 21:17:45+00:00
383,us-east-1a,c6a.metal,15,3.1002,0.21134666666666665,2024-01-28 21:17:43+00:00
384,us-east-1e,d2.8xlarge,8,2.1146,0.2687,2024-01-28 21:17:43+00:00
385,us-east-1c,g4ad.4xlarge,3,0.4796,0.1632,2024-01-28 21:17:43+00:00
386,us-east-1b,g5.12xlarge,15,2.7365,0.1871,2024-01-28 21:17:42+00:00
387,us-east-1c,d3en.2xlarge,4,0.4648,0.11995,2024-01-28 21:17:42+00:00
388,us-east-1c,g5g.16xlarge,15,1.2798,0.08998666666666667,2024-01-28 21:17:42+00:00
389,us-east-1b,c7a.12xlarge,8,1.3932,0.178525,2024-01-28 21:17:42+00:00
390,us-east-1f,r5ad.xlarge,4,0.1064,0.03035,2024-01-28 21:17:42+00:00
391,us-east-1a,d3.4xlarge,4,0.8399,0.213725,2024-01-28 21:17:41+00:00
392,us-east-1a,r6i.8xlarge,8,0.9312,0.12077500000000001,2024-01-28 21:17:41+00:00
393,us-east-1a,r7iz.4xlarge,8,0.775,0.10125,2024-01-28 21:17:40+00:00
394,us-east-1c,c5.24xlarge,15,1.8273,0.12648666666666666,2024-01-28 21:17:40+00:00
395,us-east-1f,inf1.2xlarge,4,0.1773,0.04807500000000001,2024-01-28 21:17:39+00:00
396,us-east-1f,c7gd.large,3,0.0367,0.015566666666666668,2024-01-28 21:17:39+00:00
397,us-east-1d,c5n.9xlarge,8,0.8394,0.10930000000000001,2024-01-28 21:17:39+00:00
398,us-east-1c,c5n.9xlarge,8,0.8843,0.1149125,2024-01-28 21:17:39+00:00
399,us-east-1d,m6a.24xlarge,15,1.7879,0.12386000000000001,2024-01-28 21:17:39+00:00
400,us-east-1c,m6a.24xlarge,15,2.0915,0.14409999999999998,2024-01-28 21:17:39+00:00
401,us-east-1f,x2gd.16xlarge,15,2.482,0.17013333333333333,2024-01-28 21:17:39+00:00
402,us-east-1b,z1d.3xlarge,8,0.4904,0.065675,2024-01-28 21:17:39+00:00
403,us-east-1d,r6a.2xlarge,4,0.2389,0.063475,2024-01-28 21:17:38+00:00
404,us-east-1e,i3.large,3,0.0629,0.0243,2024-01-28 21:17:37+00:00
405,us-east-1b,c7a.48xlarge,15,3.8044,0.2582933333333333,2024-01-28 21:17:36+00:00
406,us-east-1f,m5.24xlarge,15,2.0346,0.14030666666666666,2024-01-28 21:17:35+00:00
407,us-east-1b,r5b.xlarge,4,0.1664,0.04535,2024-01-28 21:17:35+00:00
408,us-east-1a,r5b.xlarge,4,0.1531,0.04202500000000001,2024-01-28 21:17:35+00:00
409,us-east-1f,m5n.large,3,0.051,0.02033333333333333,2024-01-28 21:17:34+00:00
410,us-east-1a,r5dn.2xlarge,4,0.528,0.13575,2024-01-28 21:17:33+00:00
411,us-east-1c,i4i.large,3,0.0793,0.029766666666666663,2024-01-28 21:17:33+00:00
412,us-east-1f,t4g.large,3,0.0346,0.014866666666666667,2024-01-28 21:17:33+00:00
413,us-east-1b,r5dn.xlarge,4,0.1717,0.046674999999999994,2024-01-28 21:17:33+00:00
414,us-east-1a,m5a.12xlarge,8,1.0476,0.135325,2024-01-28 21:17:33+00:00
415,us-east-1a,r3.8xlarge,8,0.9931,0.1285125,2024-01-28 21:17:33+00:00
416,us-east-1d,c7a.8xlarge,8,0.7874,0.1028,2024-01-28 21:17:33+00:00
417,us-east-1d,c7gd.16xlarge,15,1.1351,0.08034000000000001,2024-01-28 21:17:32+00:00
418,us-east-1a,t3.micro,2,0.0046,0.0048000000000000004,2024-01-28 21:17:32+00:00
419,us-east-1f,m7g.2xlarge,4,0.1591,0.043524999999999994,2024-01-28 21:17:31+00:00
420,us-east-1b,r5b.12xlarge,8,2.7253,0.3450375,2024-01-28 21:17:31+00:00
421,us-east-1a,m7i.8xlarge,8,0.7661,0.1001375,2024-01-28 21:17:31+00:00
422,us-east-1b,r6gd.medium,2,0.0339,0.01945,2024-01-28 21:17:30+00:00
423,us-east-1d,r6gd.medium,2,0.0295,0.017249999999999998,2024-01-28 21:17:30+00:00
424,us-east-1f,r6g.large,3,0.05,0.02,2024-01-28 21:17:30+00:00
425,us-east-1e,r4.2xlarge,4,0.2388,0.06345,2024-01-28 21:17:30+00:00
426,us-east-1f,c6i.xlarge,4,0.077,0.023,2024-01-28 21:17:30+00:00
427,us-east-1a,h1.4xlarge,8,0.4208,0.056975,2024-01-28 21:17:29+00:00
428,us-east-1b,c3.xlarge,4,0.1339,0.037224999999999994,2024-01-28 21:17:29+00:00
429,us-east-1b,trn1.32xlarge,40,7.6478,0.19607000000000002,2024-01-28 21:17:29+00:00
430,us-east-1b,g5g.8xlarge,8,0.5848,0.077475,2024-01-28 21:17:29+00:00
431,us-east-1d,c6in.32xlarge,14,3.2482,0.23665714285714287,2024-01-28 21:17:29+00:00
432,us-east-1f,m7g.metal,15,1.068,0.07586666666666668,2024-01-28 21:17:29+00:00
433,us-east-1a,x1e.8xlarge,4,2.337,0.5880000000000001,2024-01-28 21:17:28+00:00
434,us-east-1a,r7gd.8xlarge,8,1.3233,0.16978749999999998,2024-01-28 21:17:27+00:00
435,us-east-1c,r7g.16xlarge,15,1.4008,0.09805333333333334,2024-01-28 21:17:27+00:00
436,us-east-1d,c6id.16xlarge,15,1.4814,0.10342666666666668,2024-01-28 21:17:27+00:00
437,us-east-1b,c5d.12xlarge,8,1.0819,0.1396125,2024-01-28 21:17:26+00:00
438,us-east-1d,r7i.12xlarge,8,1.8153,0.23128749999999998,2024-01-28 21:17:23+00:00
439,us-east-1b,r7a.32xlarge,15,4.0635,0.2755666666666667,2024-01-28 21:17:22+00:00
440,us-east-1c,r6in.4xlarge,8,0.5708,0.075725,2024-01-28 21:17:21+00:00
441,us-east-1d,m5.xlarge,4,0.0805,0.023875,2024-01-28 21:17:20+00:00
442,us-east-1a,i3en.12xlarge,8,2.1177,0.26908750000000003,2024-01-28 21:17:20+00:00
443,us-east-1c,m5a.large,3,0.0433,0.017766666666666667,2024-01-28 21:17:20+00:00
444,us-east-1a,g4dn.xlarge,3,0.2229,0.07763333333333333,2024-01-28 21:17:19+00:00
445,us-east-1a,r5d.8xlarge,8,1.1022,0.14215,2024-01-28 21:17:18+00:00
446,us-east-1f,r6in.8xlarge,8,1.9047,0.2424625,2024-01-28 21:17:17+00:00
447,us-east-1f,c5.xlarge,4,0.0762,0.0228,2024-01-28 21:17:16+00:00
448,us-east-1f,i4g.4xlarge,8,0.4551,0.0612625,2024-01-28 21:17:16+00:00
449,us-east-1b,g3.8xlarge,8,0.9261,0.12013750000000001,2024-01-28 21:17:15+00:00
450,us-east-1f,c7i.large,3,0.0389,0.0163,2024-01-28 21:17:15+00:00
451,us-east-1b,c5a.4xlarge,8,0.3385,0.04668750000000001,2024-01-28 21:17:14+00:00
452,us-east-1d,t3a.2xlarge,4,0.1525,0.041874999999999996,2024-01-28 21:17:14+00:00
453,us-east-1c,r5.8xlarge,8,0.9214,0.11955,2024-01-28 21:17:14+00:00
454,us-east-1a,c5ad.4xlarge,8,0.3171,0.044012499999999996,2024-01-28 21:17:13+00:00
455,us-east-1b,m5ad.4xlarge,8,0.4787,0.0642125,2024-01-28 21:17:12+00:00
456,us-east-1b,c6id.8xlarge,8,0.7195,0.09431250000000001,2024-01-28 21:17:12+00:00
457,us-east-1d,c6i.2xlarge,4,0.1595,0.043625,2024-01-28 21:17:11+00:00
458,us-east-1d,r5dn.8xlarge,8,1.7255,0.2200625,2024-01-28 21:17:10+00:00
459,us-east-1b,c6a.4xlarge,8,0.3079,0.0428625,2024-01-28 21:17:10+00:00
460,us-east-1d,t4g.medium,3,0.0163,0.008766666666666666,2024-01-28 21:17:08+00:00
461,us-east-1b,i2.4xlarge,8,1.2077,0.1553375,2024-01-28 21:17:07+00:00
462,us-east-1a,c5d.2xlarge,4,0.217,0.057999999999999996,2024-01-28 21:17:06+00:00
463,us-east-1c,r5a.large,3,0.0605,0.023499999999999997,2024-01-28 21:17:05+00:00
464,us-east-1c,r6a.4xlarge,8,0.4887,0.0654625,2024-01-28 21:17:05+00:00
465,us-east-1a,m6a.8xlarge,8,0.6614,0.08705,2024-01-28 21:17:03+00:00
466,us-east-1f,m5d.xlarge,4,0.1107,0.031425,2024-01-28 21:17:02+00:00
467,us-east-1b,m6in.24xlarge,15,2.9867,0.20378,2024-01-28 21:17:01+00:00
468,us-east-1d,m6in.24xlarge,15,3.9807,0.27004666666666666,2024-01-28 21:17:01+00:00
469,us-east-1c,m5.4xlarge,8,0.3727,0.050962499999999994,2024-01-28 21:17:01+00:00
470,us-east-1d,c4.8xlarge,8,0.6771,0.08901250000000001,2024-01-28 21:17:00+00:00
471,us-east-1a,m5.2xlarge,4,0.1748,0.047450000000000006,2024-01-28 21:17:00+00:00
472,us-east-1d,r4.large,3,0.0639,0.02463333333333333,2024-01-28 21:17:00+00:00
473,us-east-1f,x2iedn.xlarge,4,0.3066,0.0804,2024-01-28 21:17:00+00:00
474,us-east-1c,i3en.24xlarge,15,4.7357,0.32038,2024-01-28 21:03:13+00:00
475,us-east-1a,m7i.48xlarge,15,4.1581,0.28187333333333336,2024-01-28 21:03:10+00:00
476,us-east-1a,c6id.metal,15,2.5275,0.17316666666666664,2024-01-28 21:03:10+00:00
477,us-east-1d,c6id.metal,15,2.7076,0.1851733333333333,2024-01-28 21:03:10+00:00
478,us-east-1c,r5.metal,15,3.364,0.22893333333333332,2024-01-28 21:03:09+00:00
479,us-east-1c,vt1.24xlarge,15,2.1025,0.14483333333333331,2024-01-28 21:03:09+00:00
480,us-east-1a,g3.8xlarge,8,0.9289,0.1204875,2024-01-28 21:03:06+00:00
481,us-east-1b,r7i.metal-48xl,15,5.6875,0.38383333333333336,2024-01-28 21:03:06+00:00
482,us-east-1b,c1.xlarge,4,0.2218,0.0592,2024-01-28 21:03:06+00:00
483,us-east-1c,x1e.xlarge,3,0.3061,0.10536666666666666,2024-01-28 21:03:06+00:00
484,us-east-1c,c6gd.4xlarge,8,0.3019,0.0421125,2024-01-28 21:03:05+00:00
485,us-east-1f,r6idn.16xlarge,15,3.5022,0.23814666666666667,2024-01-28 21:03:04+00:00
486,us-east-1b,r7gd.xlarge,4,0.1109,0.031475,2024-01-28 21:03:02+00:00
487,us-east-1f,r7iz.4xlarge,8,0.7766,0.10145,2024-01-28 21:03:01+00:00
488,us-east-1d,r6id.12xlarge,8,1.6569,0.2114875,2024-01-28 21:02:57+00:00
489,us-east-1f,r6g.8xlarge,8,0.5876,0.077825,2024-01-28 21:02:55+00:00
490,us-east-1b,r6idn.large,3,0.0793,0.029766666666666663,2024-01-28 21:02:55+00:00
491,us-east-1d,g4ad.16xlarge,8,1.5331,0.19601249999999998,2024-01-28 21:02:54+00:00
492,us-east-1b,g5.16xlarge,8,1.6817,0.2145875,2024-01-28 21:02:54+00:00
493,us-east-1f,m6a.metal,15,3.6236,0.24624,2024-01-28 21:02:53+00:00
494,us-east-1a,r7a.xlarge,4,0.1446,0.039900000000000005,2024-01-28 21:02:53+00:00
495,us-east-1d,p3.2xlarge,4,1.4413,0.364075,2024-01-28 21:02:53+00:00
496,us-east-1d,c7i.48xlarge,15,3.4896,0.23730666666666664,2024-01-28 21:02:53+00:00
497,us-east-1f,c6in.24xlarge,15,2.3512,0.16141333333333333,2024-01-28 21:02:52+00:00
498,us-east-1c,r5d.metal,15,3.215,0.21899999999999997,2024-01-28 21:02:52+00:00
499,us-east-1c,z1d.6xlarge,8,0.9776,0.126575,2024-01-28 21:02:52+00:00
500,us-east-1c,r7g.metal,15,1.4276,0.09984,2024-01-28 21:02:51+00:00
501,us-east-1f,r6a.metal,15,4.6745,0.3163,2024-01-28 21:02:51+00:00
502,us-east-1c,x2gd.4xlarge,8,0.799,0.10425000000000001,2024-01-28 21:02:51+00:00
503,us-east-1d,c7a.16xlarge,15,1.3483,0.09455333333333334,2024-01-28 21:02:51+00:00
504,us-east-1d,c6in.12xlarge,8,1.4256,0.182575,2024-01-28 21:02:50+00:00
505,us-east-1d,m3.2xlarge,4,0.2299,0.061225,2024-01-28 21:02:49+00:00
506,us-east-1d,m6idn.8xlarge,8,1.3294,0.17054999999999998,2024-01-28 21:02:49+00:00
507,us-east-1a,r5ad.12xlarge,8,1.8012,0.22952499999999998,2024-01-28 21:02:48+00:00
508,us-east-1c,d2.4xlarge,8,1.1173,0.14403749999999998,2024-01-28 21:02:48+00:00
509,us-east-1d,r4.16xlarge,15,1.6081,0.11187333333333334,2024-01-28 21:02:47+00:00
510,us-east-1c,m7i-flex.4xlarge,8,0.3637,0.04983750000000001,2024-01-28 21:02:47+00:00
511,us-east-1a,m6gd.12xlarge,8,0.8372,0.10902500000000001,2024-01-28 21:02:47+00:00
512,us-east-1a,inf2.xlarge,4,0.3823,0.099325,2024-01-28 21:02:47+00:00
513,us-east-1b,p3dn.24xlarge,15,11.7553,0.7883533333333334,2024-01-28 21:02:47+00:00
514,us-east-1a,inf1.6xlarge,8,0.5323,0.0709125,2024-01-28 21:02:46+00:00
515,us-east-1b,r7i.metal-24xl,15,4.6568,0.31512,2024-01-28 21:02:46+00:00
516,us-east-1f,r7i.metal-24xl,15,2.4545,0.16829999999999998,2024-01-28 21:02:46+00:00
517,us-east-1b,c5d.24xlarge,15,1.9524,0.13482666666666665,2024-01-28 21:02:46+00:00
518,us-east-1c,m6id.12xlarge,8,1.1835,0.1523125,2024-01-28 21:02:45+00:00
519,us-east-1b,r6a.24xlarge,15,2.2722,0.15614666666666668,2024-01-28 21:02:44+00:00
520,us-east-1a,x2idn.24xlarge,15,3.961,0.2687333333333333,2024-01-28 21:02:44+00:00
521,us-east-1f,g5.12xlarge,15,2.5521,0.17480666666666664,2024-01-28 21:02:42+00:00
522,us-east-1c,m6id.metal,15,2.8567,0.19511333333333333,2024-01-28 21:02:41+00:00
523,us-east-1b,g5g.4xlarge,8,0.3672,0.050275,2024-01-28 21:02:40+00:00
524,us-east-1f,r5ad.24xlarge,15,3.2211,0.21940666666666664,2024-01-28 21:02:39+00:00
525,us-east-1b,x2gd.16xlarge,15,2.4892,0.1706133333333333,2024-01-28 21:02:39+00:00
526,us-east-1f,r6in.2xlarge,4,0.3345,0.08737500000000001,2024-01-28 21:02:39+00:00
527,us-east-1b,p2.8xlarge,8,2.6196,0.33182500000000004,2024-01-28 21:02:37+00:00
528,us-east-1c,m5zn.large,3,0.0791,0.0297,2024-01-28 21:02:37+00:00
529,us-east-1d,r6gd.12xlarge,8,1.0902,0.14065,2024-01-28 21:02:37+00:00
530,us-east-1b,m7i.16xlarge,15,1.3896,0.09730666666666667,2024-01-28 21:02:36+00:00
531,us-east-1d,r6id.large,3,0.057,0.022333333333333334,2024-01-28 21:02:34+00:00
532,us-east-1a,m6in.large,3,0.0628,0.024266666666666662,2024-01-28 21:02:34+00:00
533,us-east-1b,m5.metal,15,1.9241,0.13294,2024-01-28 21:02:34+00:00
534,us-east-1d,m5.metal,15,1.9578,0.13518666666666668,2024-01-28 21:02:34+00:00
535,us-east-1c,m5n.4xlarge,8,0.5106,0.06820000000000001,2024-01-28 21:02:34+00:00
536,us-east-1f,x2iedn.32xlarge,15,10.7005,0.7180333333333333,2024-01-28 21:02:33+00:00
537,us-east-1b,r7i.48xlarge,15,7.8129,0.5255266666666667,2024-01-28 21:02:32+00:00
538,us-east-1d,x2gd.metal,15,2.1902,0.15067999999999998,2024-01-28 21:02:31+00:00
539,us-east-1c,r5b.large,3,0.0808,0.030266666666666664,2024-01-28 21:02:29+00:00
540,us-east-1b,m6gd.16xlarge,15,1.3908,0.09738666666666668,2024-01-28 21:02:29+00:00
541,us-east-1c,m6gd.16xlarge,15,1.4857,0.10371333333333334,2024-01-28 21:02:29+00:00
542,us-east-1a,m7i.2xlarge,4,0.2331,0.062025,2024-01-28 21:02:26+00:00
543,us-east-1c,m7i.2xlarge,4,0.207,0.055499999999999994,2024-01-28 21:02:26+00:00
544,us-east-1a,c7i.2xlarge,4,0.2034,0.054599999999999996,2024-01-28 21:02:26+00:00
545,us-east-1a,c6gd.xlarge,4,0.0706,0.0214,2024-01-28 21:02:26+00:00
546,us-east-1f,r5n.24xlarge,15,2.8246,0.19297333333333333,2024-01-28 21:02:25+00:00
547,us-east-1f,m6gd.8xlarge,8,0.6646,0.08745,2024-01-28 21:02:25+00:00
548,us-east-1c,m6gd.8xlarge,8,0.6759,0.0888625,2024-01-28 21:02:25+00:00
549,us-east-1d,c5ad.xlarge,4,0.0939,0.027225,2024-01-28 21:02:24+00:00
550,us-east-1c,c6id.large,3,0.0493,0.019766666666666665,2024-01-28 21:02:22+00:00
551,us-east-1d,r7iz.2xlarge,4,0.4274,0.1106,2024-01-28 21:02:22+00:00
552,us-east-1c,r7iz.2xlarge,4,0.3353,0.087575,2024-01-28 21:02:22+00:00
553,us-east-1c,m6id.2xlarge,4,0.1896,0.05115,2024-01-28 21:02:21+00:00
554,us-east-1f,m5d.large,3,0.0503,0.0201,2024-01-28 21:02:21+00:00
555,us-east-1f,c7a.24xlarge,15,2.1226,0.14617333333333332,2024-01-28 21:02:20+00:00
556,us-east-1a,c6a.2xlarge,4,0.1695,0.046125,2024-01-28 21:02:20+00:00
557,us-east-1d,i3en.xlarge,4,0.207,0.055499999999999994,2024-01-28 21:02:19+00:00
558,us-east-1d,m6a.4xlarge,8,0.3997,0.0543375,2024-01-28 21:02:19+00:00
559,us-east-1d,c5a.16xlarge,15,1.3003,0.09135333333333334,2024-01-28 21:02:18+00:00
560,us-east-1d,m6i.8xlarge,8,0.7606,0.09945000000000001,2024-01-28 21:02:18+00:00
561,us-east-1b,c5n.4xlarge,8,0.4757,0.0638375,2024-01-28 21:02:18+00:00
562,us-east-1d,c5n.4xlarge,8,0.4235,0.0573125,2024-01-28 21:02:18+00:00
563,us-east-1c,t2.2xlarge,3,0.1805,0.0635,2024-01-28 21:02:16+00:00
564,us-east-1c,m5a.8xlarge,8,0.6769,0.0889875,2024-01-28 21:02:16+00:00
565,us-east-1d,r3.8xlarge,8,1.0498,0.1356,2024-01-28 21:02:16+00:00
566,us-east-1c,r4.4xlarge,8,0.6231,0.0822625,2024-01-28 21:02:16+00:00
567,us-east-1c,r5n.large,3,0.0855,0.03183333333333333,2024-01-28 21:02:15+00:00
568,us-east-1d,f1.16xlarge,8,4.9283,0.6204125,2024-01-28 21:02:14+00:00
569,us-east-1f,c5d.xlarge,4,0.0929,0.026975,2024-01-28 21:02:14+00:00
570,us-east-1f,g4dn.xlarge,3,0.2232,0.07773333333333333,2024-01-28 21:02:13+00:00
571,us-east-1d,g4dn.xlarge,3,0.2223,0.07743333333333334,2024-01-28 21:02:13+00:00
572,us-east-1a,x2idn.32xlarge,15,4.9171,0.33247333333333334,2024-01-28 21:02:12+00:00
573,us-east-1d,m5dn.2xlarge,4,0.2688,0.07095,2024-01-28 21:02:12+00:00
574,us-east-1b,i4g.8xlarge,8,0.9143,0.1186625,2024-01-28 21:02:11+00:00
575,us-east-1a,m6g.4xlarge,8,0.286,0.040124999999999994,2024-01-28 21:02:10+00:00
576,us-east-1f,c5n.2xlarge,4,0.182,0.04925,2024-01-28 21:02:09+00:00
577,us-east-1f,m6idn.2xlarge,4,0.2758,0.0727,2024-01-28 21:02:09+00:00
578,us-east-1c,t3.2xlarge,4,0.1401,0.038775000000000004,2024-01-28 21:02:08+00:00
579,us-east-1b,c5ad.16xlarge,15,1.1679,0.08252666666666666,2024-01-28 21:02:08+00:00
580,us-east-1a,c4.2xlarge,4,0.2109,0.056475,2024-01-28 21:02:07+00:00
581,us-east-1f,t4g.nano,2,0.003,0.004,2024-01-28 21:02:07+00:00
582,us-east-1b,c5d.2xlarge,4,0.2234,0.0596,2024-01-28 21:02:07+00:00
583,us-east-1e,i2.4xlarge,8,1.2157,0.1563375,2024-01-28 21:02:07+00:00
584,us-east-1f,r5dn.2xlarge,4,0.336,0.08775000000000001,2024-01-28 21:02:06+00:00
585,us-east-1a,m6gd.xlarge,4,0.0898,0.0262,2024-01-28 21:02:06+00:00
586,us-east-1d,r6g.large,3,0.0466,0.018866666666666667,2024-01-28 21:02:06+00:00
587,us-east-1f,g4dn.4xlarge,3,0.5899,0.19996666666666665,2024-01-28 21:02:06+00:00
588,us-east-1f,c6i.12xlarge,8,0.9323,0.1209125,2024-01-28 21:02:04+00:00
589,us-east-1f,i4i.24xlarge,15,2.4654,0.16902666666666663,2024-01-28 21:02:03+00:00
590,us-east-1b,m6a.2xlarge,4,0.206,0.055249999999999994,2024-01-28 21:02:03+00:00
591,us-east-1b,r7a.medium,2,0.0388,0.0219,2024-01-28 21:02:02+00:00
592,us-east-1f,r7i.large,3,0.0573,0.022433333333333333,2024-01-28 21:02:01+00:00
593,us-east-1c,m5a.2xlarge,4,0.205,0.05499999999999999,2024-01-28 21:02:01+00:00
594,us-east-1d,a1.xlarge,4,0.0585,0.018375000000000002,2024-01-28 21:01:59+00:00
595,us-east-1f,r5dn.16xlarge,15,2.1511,0.14807333333333333,2024-01-28 21:01:59+00:00
596,us-east-1f,c5.2xlarge,4,0.1686,0.045899999999999996,2024-01-28 21:01:59+00:00
597,us-east-1d,d3en.8xlarge,4,1.6408,0.41395,2024-01-28 21:01:59+00:00
598,us-east-1d,t2.medium,3,0.0211,0.010366666666666668,2024-01-28 21:01:58+00:00
599,us-east-1d,c6gd.4xlarge,8,0.2765,0.0389375,2024-01-28 20:48:08+00:00
600,us-east-1f,m7i.48xlarge,15,4.0171,0.27247333333333335,2024-01-28 20:48:07+00:00
601,us-east-1d,x1.32xlarge,8,4.4234,0.5573,2024-01-28 20:48:07+00:00
602,us-east-1d,r7iz.4xlarge,8,0.7759,0.10136250000000001,2024-01-28 20:48:00+00:00
603,us-east-1f,c6a.8xlarge,8,0.5918,0.07835,2024-01-28 20:47:59+00:00
604,us-east-1a,i4i.32xlarge,15,5.3332,0.36021333333333333,2024-01-28 20:47:59+00:00
605,us-east-1c,is4gen.8xlarge,8,1.7813,0.2270375,2024-01-28 20:47:58+00:00
606,us-east-1b,c6g.8xlarge,8,0.4366,0.05895,2024-01-28 20:47:58+00:00
607,us-east-1f,m5ad.4xlarge,8,0.4129,0.055987499999999996,2024-01-28 20:47:57+00:00
608,us-east-1b,m6id.24xlarge,15,3.1691,0.21593999999999997,2024-01-28 20:47:56+00:00
609,us-east-1f,c7i.16xlarge,15,1.3455,0.09436666666666667,2024-01-28 20:47:53+00:00
610,us-east-1b,c3.4xlarge,8,0.435,0.05875,2024-01-28 20:47:52+00:00
611,us-east-1a,a1.metal,8,0.1861,0.0276375,2024-01-28 20:47:52+00:00
612,us-east-1d,p2.xlarge,4,0.4341,0.112275,2024-01-28 20:47:52+00:00
613,us-east-1b,g4dn.16xlarge,4,1.7606,0.44389999999999996,2024-01-28 20:47:52+00:00
614,us-east-1d,r6in.xlarge,4,0.1518,0.0417,2024-01-28 20:47:52+00:00
615,us-east-1f,c7a.large,3,0.0438,0.017933333333333332,2024-01-28 20:47:51+00:00
616,us-east-1c,r6a.16xlarge,15,1.5908,0.11072,2024-01-28 20:47:51+00:00
617,us-east-1f,z1d.metal,15,1.8526,0.12817333333333333,2024-01-28 20:47:51+00:00
618,us-east-1f,m7a.8xlarge,8,0.7574,0.09905,2024-01-28 20:47:51+00:00
619,us-east-1d,c6a.48xlarge,15,3.2336,0.22024,2024-01-28 20:47:50+00:00
620,us-east-1d,c7i.metal-24xl,15,2.3106,0.15870666666666666,2024-01-28 20:47:50+00:00
621,us-east-1f,r6id.4xlarge,8,0.726,0.095125,2024-01-28 20:47:49+00:00
622,us-east-1a,r6in.8xlarge,8,1.5884,0.202925,2024-01-28 20:47:49+00:00
623,us-east-1f,m5.12xlarge,8,0.9651,0.1250125,2024-01-28 20:47:49+00:00
624,us-east-1e,c3.2xlarge,4,0.2587,0.068425,2024-01-28 20:47:49+00:00
625,us-east-1d,c6in.xlarge,4,0.1151,0.032525,2024-01-28 20:47:49+00:00
626,us-east-1b,r5ad.16xlarge,15,1.8131,0.12554,2024-01-28 20:47:48+00:00
627,us-east-1d,c7gd.8xlarge,8,0.6655,0.0875625,2024-01-28 20:47:48+00:00
628,us-east-1f,m4.10xlarge,8,0.9065,0.1176875,2024-01-28 20:47:47+00:00
629,us-east-1f,inf2.xlarge,4,0.3778,0.09820000000000001,2024-01-28 20:47:46+00:00
630,us-east-1b,inf1.xlarge,4,0.0884,0.02585,2024-01-28 20:47:46+00:00
631,us-east-1a,r7i.metal-24xl,15,3.5066,0.23844,2024-01-28 20:47:46+00:00
632,us-east-1a,g4dn.metal,15,3.6298,0.2466533333333333,2024-01-28 20:47:45+00:00
633,us-east-1f,m6gd.metal,15,1.3706,0.09604,2024-01-28 20:47:45+00:00
634,us-east-1d,r6a.32xlarge,15,2.715,0.18566666666666665,2024-01-28 20:47:44+00:00
635,us-east-1c,m6in.metal,14,3.3783,0.24594999999999997,2024-01-28 20:47:44+00:00
636,us-east-1a,i4i.16xlarge,15,2.3608,0.1620533333333333,2024-01-28 20:47:44+00:00
637,us-east-1c,c6gd.16xlarge,15,1.2298,0.08665333333333333,2024-01-28 20:47:43+00:00
638,us-east-1a,r7i.4xlarge,8,0.7211,0.0945125,2024-01-28 20:47:43+00:00
639,us-east-1a,m5dn.large,3,0.0706,0.026866666666666664,2024-01-28 20:47:43+00:00
640,us-east-1f,m7gd.12xlarge,8,1.0984,0.141675,2024-01-28 20:47:42+00:00
641,us-east-1a,c5ad.xlarge,4,0.1022,0.0293,2024-01-28 20:47:39+00:00
642,us-east-1c,r5.16xlarge,15,1.7088,0.11858666666666667,2024-01-28 20:47:39+00:00
643,us-east-1c,r5a.24xlarge,15,2.4465,0.16776666666666665,2024-01-28 20:47:38+00:00
644,us-east-1a,i4i.8xlarge,8,1.28,0.164375,2024-01-28 20:47:38+00:00
645,us-east-1a,c6a.large,3,0.036,0.015333333333333332,2024-01-28 20:47:37+00:00
646,us-east-1c,c6a.32xlarge,15,2.1761,0.14973999999999998,2024-01-28 20:47:37+00:00
647,us-east-1f,i3.large,3,0.0623,0.0241,2024-01-28 20:47:36+00:00
648,us-east-1d,r4.8xlarge,8,0.9773,0.1265375,2024-01-28 20:47:36+00:00
649,us-east-1a,r7a.32xlarge,15,3.8009,0.25806,2024-01-28 20:47:35+00:00
650,us-east-1f,i4i.2xlarge,4,0.2944,0.07735,2024-01-28 20:47:34+00:00
651,us-east-1b,m6gd.large,3,0.0449,0.0183,2024-01-28 20:47:34+00:00
652,us-east-1b,x2iezn.6xlarge,8,2.0984,0.266675,2024-01-28 20:47:34+00:00
653,us-east-1a,i4g.8xlarge,8,1.054,0.136125,2024-01-28 20:47:33+00:00
654,us-east-1b,c6gd.xlarge,4,0.074,0.02225,2024-01-28 20:47:33+00:00
655,us-east-1a,x2gd.8xlarge,8,1.4789,0.1892375,2024-01-28 20:47:33+00:00
656,us-east-1f,x2idn.metal,15,5.1651,0.3490066666666667,2024-01-28 20:47:33+00:00
657,us-east-1c,r5a.xlarge,4,0.1231,0.034525,2024-01-28 20:47:33+00:00
658,us-east-1b,g4dn.12xlarge,8,1.7876,0.227825,2024-01-28 20:47:33+00:00
659,us-east-1a,c5ad.8xlarge,8,0.6686,0.08795,2024-01-28 20:47:32+00:00
660,us-east-1a,c7gd.16xlarge,15,1.2602,0.08868000000000001,2024-01-28 20:47:31+00:00
661,us-east-1c,m7g.8xlarge,8,0.6563,0.0864125,2024-01-28 20:47:31+00:00
662,us-east-1a,m5d.4xlarge,8,0.4818,0.0646,2024-01-28 20:47:31+00:00
663,us-east-1b,m5n.12xlarge,8,1.7046,0.21744999999999998,2024-01-28 20:47:31+00:00
664,us-east-1a,r5dn.4xlarge,8,0.855,0.11125,2024-01-28 20:47:30+00:00
665,us-east-1f,r6a.8xlarge,8,0.7638,0.09985000000000001,2024-01-28 20:47:30+00:00
666,us-east-1a,c7gd.4xlarge,8,0.303,0.042249999999999996,2024-01-28 20:47:30+00:00
667,us-east-1d,r6idn.2xlarge,4,0.438,0.11325,2024-01-28 20:47:30+00:00
668,us-east-1a,m6a.24xlarge,15,1.9371,0.13380666666666666,2024-01-28 20:47:30+00:00
669,us-east-1a,c6g.16xlarge,15,0.9192,0.06594666666666667,2024-01-28 20:47:29+00:00
670,us-east-1a,r6in.large,3,0.0801,0.030033333333333332,2024-01-28 20:47:29+00:00
671,us-east-1b,r7g.4xlarge,8,0.4119,0.055862499999999995,2024-01-28 20:47:29+00:00
672,us-east-1d,r7g.4xlarge,8,0.4298,0.0581,2024-01-28 20:47:29+00:00
673,us-east-1a,m6id.metal,15,3.7529,0.25486,2024-01-28 20:47:27+00:00
674,us-east-1c,r6in.metal,14,4.0568,0.29441428571428574,2024-01-28 20:47:27+00:00
675,us-east-1d,c6gn.4xlarge,8,0.2942,0.041150000000000006,2024-01-28 20:47:25+00:00
676,us-east-1d,r7iz.8xlarge,8,1.4819,0.1896125,2024-01-28 20:47:25+00:00
677,us-east-1c,i3.xlarge,4,0.1688,0.045950000000000005,2024-01-28 20:47:25+00:00
678,us-east-1b,i4g.xlarge,4,0.1241,0.034775,2024-01-28 20:47:25+00:00
679,us-east-1a,i4g.xlarge,4,0.1229,0.034475,2024-01-28 20:47:25+00:00
680,us-east-1c,m5zn.3xlarge,8,0.6641,0.0873875,2024-01-28 20:47:25+00:00
681,us-east-1a,r5ad.8xlarge,8,1.2588,0.16172499999999998,2024-01-28 20:47:24+00:00
682,us-east-1c,r5ad.8xlarge,8,0.9502,0.12315000000000001,2024-01-28 20:47:24+00:00
683,us-east-1f,r6g.12xlarge,8,0.9635,0.1248125,2024-01-28 20:47:24+00:00
684,us-east-1c,r6g.12xlarge,8,1.0483,0.1354125,2024-01-28 20:47:24+00:00
685,us-east-1c,r6gd.metal,15,1.5796,0.10997333333333333,2024-01-28 20:47:21+00:00
686,us-east-1c,t3a.medium,3,0.0162,0.008733333333333334,2024-01-28 20:47:19+00:00
687,us-east-1f,r5d.12xlarge,8,1.5428,0.19722499999999998,2024-01-28 20:47:19+00:00
688,us-east-1d,r5.2xlarge,4,0.2371,0.063025,2024-01-28 20:47:19+00:00
689,us-east-1b,g5.4xlarge,8,0.6999,0.0918625,2024-01-28 20:47:18+00:00
690,us-east-1b,d3.8xlarge,3,1.4371,0.48236666666666667,2024-01-28 20:47:18+00:00
691,us-east-1f,c5a.16xlarge,15,1.2927,0.09084666666666667,2024-01-28 20:47:17+00:00
692,us-east-1b,r4.16xlarge,15,1.8903,0.13068666666666667,2024-01-28 20:47:17+00:00
693,us-east-1c,c5n.4xlarge,8,0.4859,0.0651125,2024-01-28 20:47:16+00:00
694,us-east-1c,t4g.2xlarge,4,0.1596,0.043649999999999994,2024-01-28 20:47:16+00:00
695,us-east-1b,r4.4xlarge,8,0.5012,0.067025,2024-01-28 20:47:16+00:00
696,us-east-1a,g4ad.4xlarge,3,0.42,0.14333333333333334,2024-01-28 20:47:16+00:00
697,us-east-1a,m5dn.24xlarge,15,3.121,0.21273333333333333,2024-01-28 20:47:15+00:00
698,us-east-1a,m6idn.2xlarge,4,0.3216,0.08415,2024-01-28 20:47:15+00:00
699,us-east-1d,m6idn.2xlarge,4,0.3169,0.08297500000000001,2024-01-28 20:47:15+00:00
700,us-east-1d,m6g.xlarge,4,0.0652,0.02005,2024-01-28 20:47:14+00:00
701,us-east-1b,c5.4xlarge,8,0.3142,0.043649999999999994,2024-01-28 20:47:14+00:00
702,us-east-1a,m5dn.4xlarge,8,0.7349,0.0962375,2024-01-28 20:47:13+00:00
703,us-east-1a,m5.xlarge,4,0.0861,0.025275,2024-01-28 20:47:11+00:00
704,us-east-1b,c5a.xlarge,4,0.086,0.025249999999999998,2024-01-28 20:47:10+00:00
705,us-east-1b,x1e.16xlarge,8,4.7463,0.5976625,2024-01-28 20:47:09+00:00
706,us-east-1f,r6gd.2xlarge,4,0.2766,0.0729,2024-01-28 20:47:08+00:00
707,us-east-1c,r5.4xlarge,8,0.5093,0.0680375,2024-01-28 20:47:08+00:00
708,us-east-1a,t3a.xlarge,4,0.0737,0.022175,2024-01-28 20:47:07+00:00
709,us-east-1b,t3.large,3,0.0398,0.0166,2024-01-28 20:47:06+00:00
710,us-east-1b,r3.xlarge,4,0.152,0.041749999999999995,2024-01-28 20:47:06+00:00
711,us-east-1b,r6idn.16xlarge,15,3.5,0.238,2024-01-28 20:47:04+00:00
712,us-east-1f,i3en.2xlarge,4,0.4738,0.1222,2024-01-28 20:47:01+00:00
713,us-east-1d,i3.2xlarge,4,0.361,0.094,2024-01-28 20:47:01+00:00
714,us-east-1c,c5.2xlarge,4,0.1666,0.045399999999999996,2024-01-28 20:46:59+00:00
715,us-east-1c,d3en.8xlarge,4,1.9876,0.50065,2024-01-28 20:46:59+00:00
716,us-east-1d,m4.xlarge,4,0.1064,0.03035,2024-01-28 20:46:59+00:00
717,us-east-1f,c5a.large,3,0.0345,0.014833333333333336,2024-01-28 20:46:50+00:00
718,us-east-1d,r6gd.metal,15,1.4947,0.10431333333333333,2024-01-28 20:33:32+00:00
719,us-east-1a,x2iedn.4xlarge,8,1.4295,0.1830625,2024-01-28 20:33:28+00:00
720,us-east-1b,m2.xlarge,4,0.1054,0.0301,2024-01-28 20:33:25+00:00
721,us-east-1d,m2.xlarge,4,0.112,0.03175,2024-01-28 20:33:25+00:00
722,us-east-1c,g4ad.xlarge,2,0.1593,0.08215,2024-01-28 20:33:17+00:00
723,us-east-1f,r7iz.xlarge,4,0.1461,0.040275000000000005,2024-01-28 20:33:16+00:00
724,us-east-1c,r7iz.xlarge,4,0.1614,0.0441,2024-01-28 20:33:16+00:00
725,us-east-1c,d3en.4xlarge,4,1.2307,0.31142499999999995,2024-01-28 20:33:16+00:00
726,us-east-1a,z1d.xlarge,4,0.1614,0.0441,2024-01-28 20:33:12+00:00
727,us-east-1b,r7a.24xlarge,15,3.6306,0.24670666666666666,2024-01-28 20:33:12+00:00
728,us-east-1c,c6gd.2xlarge,4,0.1607,0.043925000000000006,2024-01-28 20:33:07+00:00
729,us-east-1d,i2.4xlarge,8,1.2628,0.16222499999999998,2024-01-28 20:33:07+00:00
730,us-east-1d,i4i.24xlarge,15,3.5899,0.24399333333333334,2024-01-28 20:33:06+00:00
731,us-east-1c,x2iedn.2xlarge,4,0.6188,0.15845,2024-01-28 20:33:06+00:00
732,us-east-1c,c5ad.large,3,0.0547,0.021566666666666665,2024-01-28 20:33:05+00:00
733,us-east-1b,is4gen.large,3,0.1085,0.0395,2024-01-28 20:33:04+00:00
734,us-east-1a,m7gd.8xlarge,8,0.7456,0.09757500000000001,2024-01-28 20:33:04+00:00
735,us-east-1d,r6idn.16xlarge,15,2.8516,0.19477333333333333,2024-01-28 20:33:03+00:00
736,us-east-1f,m6in.8xlarge,8,1.0938,0.1411,2024-01-28 20:33:02+00:00
737,us-east-1b,x2gd.xlarge,4,0.1384,0.038349999999999995,2024-01-28 20:33:00+00:00
738,us-east-1f,r5n.4xlarge,8,0.8056,0.105075,2024-01-28 20:32:59+00:00
739,us-east-1b,c7gn.16xlarge,15,1.9088,0.13192,2024-01-28 20:32:59+00:00
740,us-east-1b,m7a.32xlarge,15,3.5707,0.2427133333333333,2024-01-28 20:32:58+00:00
741,us-east-1a,m7a.32xlarge,15,3.0453,0.20768666666666666,2024-01-28 20:32:58+00:00
742,us-east-1c,r6id.12xlarge,8,1.4074,0.1803,2024-01-28 20:32:58+00:00
743,us-east-1a,m6in.xlarge,4,0.1723,0.046825000000000006,2024-01-28 20:32:56+00:00
744,us-east-1a,c3.2xlarge,4,0.2071,0.055525000000000005,2024-01-28 20:32:56+00:00
745,us-east-1b,m5ad.8xlarge,8,0.8421,0.1096375,2024-01-28 20:32:55+00:00
746,us-east-1d,c6id.32xlarge,15,2.6571,0.18180666666666664,2024-01-28 20:32:55+00:00
747,us-east-1f,r7i.16xlarge,15,2.1167,0.14577999999999997,2024-01-28 20:32:55+00:00
748,us-east-1a,r7i.16xlarge,15,2.3359,0.16039333333333333,2024-01-28 20:32:55+00:00
749,us-east-1c,r7g.4xlarge,8,0.597,0.079,2024-01-28 20:32:55+00:00
750,us-east-1f,c5a.2xlarge,4,0.1615,0.044125,2024-01-28 20:32:54+00:00
751,us-east-1a,c5a.2xlarge,4,0.188,0.05075,2024-01-28 20:32:54+00:00
752,us-east-1d,c5a.2xlarge,4,0.1634,0.0446,2024-01-28 20:32:54+00:00
753,us-east-1d,dl1.24xlarge,60,4.8871,0.08636833333333334,2024-01-28 20:32:54+00:00
754,us-east-1b,c7i.metal-48xl,15,3.5137,0.23891333333333334,2024-01-28 20:32:54+00:00
755,us-east-1a,c7i.metal-48xl,15,4.3864,0.2970933333333334,2024-01-28 20:32:54+00:00
756,us-east-1b,m6id.xlarge,4,0.0993,0.028575,2024-01-28 20:32:54+00:00
757,us-east-1b,inf1.2xlarge,4,0.1704,0.04635,2024-01-28 20:32:54+00:00
758,us-east-1a,m7g.8xlarge,8,0.6141,0.0811375,2024-01-28 20:32:54+00:00
759,us-east-1b,c6gn.16xlarge,15,1.2465,0.08776666666666667,2024-01-28 20:32:53+00:00
760,us-east-1f,c6gn.16xlarge,15,1.0727,0.07618,2024-01-28 20:32:53+00:00
761,us-east-1d,r6g.4xlarge,8,0.3597,0.049337500000000006,2024-01-28 20:32:53+00:00
762,us-east-1c,z1d.2xlarge,4,0.4128,0.10695,2024-01-28 20:32:53+00:00
763,us-east-1c,c6in.16xlarge,15,1.8198,0.12598666666666666,2024-01-28 20:32:53+00:00
764,us-east-1c,g4ad.16xlarge,8,1.5892,0.20302499999999998,2024-01-28 20:32:53+00:00
765,us-east-1d,x2iedn.16xlarge,15,4.6978,0.3178533333333334,2024-01-28 20:32:53+00:00
766,us-east-1c,r7i.24xlarge,15,1.4335,0.10023333333333334,2024-01-28 20:32:52+00:00
767,us-east-1b,m7a.2xlarge,4,0.2184,0.05835,2024-01-28 20:32:52+00:00
768,us-east-1d,m6i.xlarge,4,0.0775,0.023125,2024-01-28 20:32:51+00:00
769,us-east-1b,r7g.16xlarge,15,1.3431,0.09420666666666667,2024-01-28 20:32:50+00:00
770,us-east-1a,c7a.16xlarge,15,1.3336,0.09357333333333333,2024-01-28 20:32:50+00:00
771,us-east-1a,r5.16xlarge,15,1.778,0.1232,2024-01-28 20:32:50+00:00
772,us-east-1b,m6in.16xlarge,15,2.4071,0.16513999999999998,2024-01-28 20:32:50+00:00
773,us-east-1a,c7a.24xlarge,15,2.032,0.14013333333333333,2024-01-28 20:32:50+00:00
774,us-east-1f,m7a.4xlarge,8,0.4157,0.0563375,2024-01-28 20:32:48+00:00
775,us-east-1a,r5dn.metal,15,3.1029,0.21152666666666667,2024-01-28 20:32:47+00:00
776,us-east-1d,r5dn.metal,15,3.2404,0.22069333333333332,2024-01-28 20:32:47+00:00
777,us-east-1d,d2.4xlarge,8,1.0559,0.1363625,2024-01-28 20:32:47+00:00
778,us-east-1f,r7i.metal-48xl,15,5.0154,0.33902666666666664,2024-01-28 20:32:46+00:00
779,us-east-1f,inf1.xlarge,4,0.1014,0.0291,2024-01-28 20:32:46+00:00
780,us-east-1c,r5n.xlarge,4,0.1691,0.046024999999999996,2024-01-28 20:32:46+00:00
781,us-east-1c,r5b.16xlarge,15,3.6278,0.24652,2024-01-28 20:32:46+00:00
782,us-east-1f,m5n.4xlarge,8,0.4857,0.0650875,2024-01-28 20:32:45+00:00
783,us-east-1f,c6gd.8xlarge,8,0.5963,0.07891250000000001,2024-01-28 20:32:45+00:00
784,us-east-1a,m6gd.medium,2,0.02,0.0125,2024-01-28 20:32:44+00:00
785,us-east-1c,d2.8xlarge,8,2.2099,0.28061250000000004,2024-01-28 20:32:43+00:00
786,us-east-1b,c6i.12xlarge,8,0.9016,0.117075,2024-01-28 20:32:43+00:00
787,us-east-1f,c7g.metal,15,1.0887,0.07724666666666667,2024-01-28 20:32:42+00:00
788,us-east-1d,r5d.metal,15,2.7783,0.18988666666666668,2024-01-28 20:32:42+00:00
789,us-east-1b,x1e.8xlarge,4,2.4212,0.60905,2024-01-28 20:32:41+00:00
790,us-east-1c,m6idn.large,3,0.0582,0.02273333333333333,2024-01-28 20:32:41+00:00
791,us-east-1c,r6a.32xlarge,15,2.8307,0.19338,2024-01-28 20:32:41+00:00
792,us-east-1a,c7g.16xlarge,15,1.0655,0.0757,2024-01-28 20:32:40+00:00
793,us-east-1b,c6gn.8xlarge,8,0.5937,0.0785875,2024-01-28 20:32:38+00:00
794,us-east-1b,t3.2xlarge,4,0.1443,0.039825,2024-01-28 20:32:38+00:00
795,us-east-1f,c5ad.2xlarge,4,0.1623,0.044325,2024-01-28 20:32:36+00:00
796,us-east-1d,m6id.2xlarge,4,0.2424,0.06435,2024-01-28 20:32:36+00:00
797,us-east-1c,c4.8xlarge,8,0.7772,0.101525,2024-01-28 20:32:36+00:00
798,us-east-1c,m6a.large,3,0.036,0.015333333333333332,2024-01-28 20:32:36+00:00
799,us-east-1c,c7g.4xlarge,8,0.2989,0.0417375,2024-01-28 20:32:34+00:00
800,us-east-1e,x1.16xlarge,8,2.9651,0.3750125,2024-01-28 20:32:34+00:00
801,us-east-1d,i4i.4xlarge,8,0.6645,0.0874375,2024-01-28 20:32:32+00:00
802,us-east-1a,im4gn.8xlarge,8,1.0746,0.1387,2024-01-28 20:32:31+00:00
803,us-east-1e,c4.xlarge,4,0.0854,0.0251,2024-01-28 20:32:31+00:00
804,us-east-1b,r7i.large,3,0.0626,0.0242,2024-01-28 20:32:31+00:00
805,us-east-1b,c5.2xlarge,4,0.1686,0.045899999999999996,2024-01-28 20:32:31+00:00
806,us-east-1c,is4gen.2xlarge,4,0.6481,0.165775,2024-01-28 20:32:30+00:00
807,us-east-1d,r4.xlarge,4,0.1289,0.03597499999999999,2024-01-28 20:32:30+00:00
808,us-east-1b,i3.metal,15,1.7442,0.12094666666666667,2024-01-28 20:32:30+00:00
809,us-east-1b,m5d.xlarge,4,0.1149,0.032475000000000004,2024-01-28 20:32:30+00:00
810,us-east-1b,c6g.4xlarge,8,0.2327,0.0334625,2024-01-28 20:32:29+00:00
811,us-east-1a,c6g.4xlarge,8,0.204,0.029875,2024-01-28 20:32:29+00:00
812,us-east-1a,m7g.4xlarge,8,0.3264,0.04517500000000001,2024-01-28 20:32:29+00:00
813,us-east-1b,c6g.16xlarge,15,0.959,0.0686,2024-01-28 20:32:29+00:00
814,us-east-1d,c6id.12xlarge,8,1.0636,0.137325,2024-01-28 20:32:29+00:00
815,us-east-1e,r4.4xlarge,8,0.4462,0.060149999999999995,2024-01-28 20:32:29+00:00
816,us-east-1c,m4.16xlarge,8,1.3729,0.1759875,2024-01-28 20:32:29+00:00
817,us-east-1f,trn1.32xlarge,40,8.2988,0.212345,2024-01-28 20:32:29+00:00
818,us-east-1e,r4.8xlarge,8,0.8744,0.113675,2024-01-28 20:32:28+00:00
819,us-east-1f,m6gd.large,3,0.0456,0.018533333333333336,2024-01-28 20:32:28+00:00
820,us-east-1b,m6id.metal,15,4.2374,0.28716,2024-01-28 20:32:27+00:00
821,us-east-1f,m6id.metal,15,3.799,0.2579333333333333,2024-01-28 20:32:27+00:00
822,us-east-1b,r5d.xlarge,4,0.1682,0.045799999999999993,2024-01-28 20:32:27+00:00
823,us-east-1a,r7iz.16xlarge,15,2.3729,0.16285999999999998,2024-01-28 20:32:27+00:00
824,us-east-1d,c5n.18xlarge,15,1.6983,0.11788666666666667,2024-01-28 20:32:26+00:00
825,us-east-1f,g4dn.16xlarge,4,1.8593,0.46857499999999996,2024-01-28 20:32:25+00:00
826,us-east-1d,x1e.4xlarge,4,1.2378,0.3132,2024-01-28 20:32:24+00:00
827,us-east-1f,m7i.8xlarge,8,0.7917,0.1033375,2024-01-28 20:32:23+00:00
828,us-east-1f,i3en.24xlarge,15,4.2103,0.28535333333333335,2024-01-28 20:32:22+00:00
829,us-east-1f,r4.16xlarge,15,1.6335,0.11356666666666666,2024-01-28 20:32:21+00:00
830,us-east-1c,c4.large,3,0.0645,0.024833333333333332,2024-01-28 20:32:19+00:00
831,us-east-1b,i3.8xlarge,8,1.1358,0.14634999999999998,2024-01-28 20:32:18+00:00
832,us-east-1f,i3.4xlarge,8,0.5599,0.0743625,2024-01-28 20:32:18+00:00
833,us-east-1d,m3.xlarge,4,0.1152,0.032549999999999996,2024-01-28 20:32:17+00:00
834,us-east-1c,m6gd.12xlarge,8,0.9607,0.1244625,2024-01-28 20:32:15+00:00
835,us-east-1a,r6a.xlarge,4,0.1039,0.029725,2024-01-28 20:32:13+00:00
836,us-east-1c,r6a.xlarge,4,0.117,0.033,2024-01-28 20:32:13+00:00
837,us-east-1d,r5.8xlarge,8,1.1403,0.1469125,2024-01-28 20:32:12+00:00
838,us-east-1b,z1d.6xlarge,8,1.0583,0.1366625,2024-01-28 20:31:59+00:00
839,us-east-1c,p4d.24xlarge,60,12.1013,0.206605,2024-01-28 20:18:16+00:00
840,us-east-1a,m7g.metal,15,1.2324,0.08682666666666666,2024-01-28 20:18:07+00:00
841,us-east-1a,m7i.xlarge,4,0.098,0.02825,2024-01-28 20:18:04+00:00
842,us-east-1a,r6idn.4xlarge,8,0.9676,0.125325,2024-01-28 20:18:04+00:00
843,us-east-1d,r6i.metal,15,3.3201,0.22600666666666666,2024-01-28 20:18:01+00:00
844,us-east-1a,g5.4xlarge,8,0.7487,0.09796250000000001,2024-01-28 20:18:01+00:00
845,us-east-1d,is4gen.8xlarge,8,1.7744,0.226175,2024-01-28 20:17:58+00:00
846,us-east-1f,m7a.32xlarge,15,3.521,0.23939999999999997,2024-01-28 20:17:58+00:00
847,us-east-1a,r5b.8xlarge,8,1.5987,0.2042125,2024-01-28 20:17:57+00:00
848,us-east-1b,r6idn.2xlarge,4,0.6104,0.15635000000000002,2024-01-28 20:17:57+00:00
849,us-east-1e,x1.32xlarge,8,5.6713,0.7132875,2024-01-28 20:17:54+00:00
850,us-east-1f,c6in.16xlarge,15,2.2816,0.15677333333333332,2024-01-28 20:17:53+00:00
851,us-east-1f,m6idn.12xlarge,8,1.3522,0.1734,2024-01-28 20:17:53+00:00
852,us-east-1b,r7a.xlarge,4,0.1434,0.039599999999999996,2024-01-28 20:17:53+00:00
853,us-east-1a,i2.xlarge,4,0.2923,0.076825,2024-01-28 20:17:52+00:00
854,us-east-1d,i2.xlarge,4,0.309,0.081,2024-01-28 20:17:52+00:00
855,us-east-1c,r6a.12xlarge,8,1.3763,0.1764125,2024-01-28 20:17:51+00:00
856,us-east-1c,r5n.metal,15,3.8661,0.2624066666666666,2024-01-28 20:17:51+00:00
857,us-east-1f,m5dn.4xlarge,8,0.6259,0.0826125,2024-01-28 20:17:51+00:00
858,us-east-1d,m5dn.4xlarge,8,0.5767,0.0764625,2024-01-28 20:17:51+00:00
859,us-east-1f,m6idn.24xlarge,15,3.1626,0.21550666666666665,2024-01-28 20:17:49+00:00
860,us-east-1b,i4i.8xlarge,8,1.1985,0.15418749999999998,2024-01-28 20:17:48+00:00
861,us-east-1c,i4i.8xlarge,8,1.2989,0.16673749999999998,2024-01-28 20:17:48+00:00
862,us-east-1d,c5d.12xlarge,8,0.9137,0.1185875,2024-01-28 20:17:48+00:00
863,us-east-1a,a1.2xlarge,4,0.1026,0.0294,2024-01-28 20:17:48+00:00
864,us-east-1b,inf2.8xlarge,8,0.8967,0.11646250000000001,2024-01-28 20:17:47+00:00
865,us-east-1a,m7g.xlarge,4,0.0746,0.0224,2024-01-28 20:17:46+00:00
866,us-east-1b,i3en.24xlarge,15,4.0896,0.2773066666666667,2024-01-28 20:17:46+00:00
867,us-east-1d,m5n.large,3,0.0627,0.024233333333333332,2024-01-28 20:17:45+00:00
868,us-east-1c,p3dn.24xlarge,15,12.2175,0.8191666666666666,2024-01-28 20:17:43+00:00
869,us-east-1d,c7gd.medium,2,0.0187,0.011850000000000001,2024-01-28 20:17:42+00:00
870,us-east-1c,c7g.metal,15,1.1428,0.08085333333333335,2024-01-28 20:17:42+00:00
871,us-east-1a,m7i.metal-24xl,15,1.921,0.13273333333333334,2024-01-28 20:17:41+00:00
872,us-east-1b,r7iz.32xlarge,15,5.5105,0.3720333333333334,2024-01-28 20:17:41+00:00
873,us-east-1c,r7g.8xlarge,8,0.8718,0.11335,2024-01-28 20:17:40+00:00
874,us-east-1b,i3en.12xlarge,8,2.1403,0.2719125,2024-01-28 20:17:40+00:00
875,us-east-1f,r5a.8xlarge,8,0.6781,0.08913750000000001,2024-01-28 20:17:40+00:00
876,us-east-1b,c6id.24xlarge,15,2.1337,0.14691333333333334,2024-01-28 20:17:38+00:00
877,us-east-1d,d3.xlarge,4,0.1991,0.053525,2024-01-28 20:17:38+00:00
878,us-east-1d,c6gn.8xlarge,8,0.5913,0.07828750000000001,2024-01-28 20:17:38+00:00
879,us-east-1b,m5dn.8xlarge,8,1.0831,0.13976249999999998,2024-01-28 20:17:38+00:00
880,us-east-1f,trn1.2xlarge,4,0.4608,0.11895,2024-01-28 20:17:38+00:00
881,us-east-1b,c6in.xlarge,4,0.1077,0.030675,2024-01-28 20:17:38+00:00
882,us-east-1b,m7a.metal-48xl,15,4.499,0.3046,2024-01-28 20:17:37+00:00
883,us-east-1f,m6gd.2xlarge,4,0.1494,0.0411,2024-01-28 20:17:37+00:00
884,us-east-1d,c5.12xlarge,8,0.8551,0.1112625,2024-01-28 20:17:37+00:00
885,us-east-1b,c7gd.large,3,0.0385,0.016166666666666666,2024-01-28 20:17:35+00:00
886,us-east-1a,r6id.24xlarge,15,3.1677,0.21584666666666666,2024-01-28 20:17:35+00:00
887,us-east-1a,c5.metal,15,1.6769,0.11646000000000001,2024-01-28 20:17:35+00:00
888,us-east-1d,r6i.12xlarge,8,1.3153,0.16878749999999998,2024-01-28 20:17:35+00:00
889,us-east-1d,r6a.large,3,0.0519,0.020633333333333333,2024-01-28 20:17:34+00:00
890,us-east-1b,c7g.8xlarge,8,0.5396,0.071825,2024-01-28 20:17:33+00:00
891,us-east-1a,x2iedn.metal,15,9.4941,0.6376066666666667,2024-01-28 20:17:32+00:00
892,us-east-1a,m7i.24xlarge,15,2.4026,0.16484,2024-01-28 20:17:32+00:00
893,us-east-1f,m5.16xlarge,15,1.2891,0.09060666666666667,2024-01-28 20:17:31+00:00
894,us-east-1b,t2.2xlarge,3,0.1482,0.05273333333333333,2024-01-28 20:17:31+00:00
895,us-east-1a,r7g.large,3,0.0462,0.018733333333333334,2024-01-28 20:17:31+00:00
896,us-east-1b,r5n.xlarge,4,0.1569,0.042975,2024-01-28 20:17:31+00:00
897,us-east-1b,m4.4xlarge,8,0.3712,0.050775,2024-01-28 20:17:30+00:00
898,us-east-1b,c5ad.12xlarge,8,0.9825,0.1271875,2024-01-28 20:17:29+00:00
899,us-east-1d,c5ad.12xlarge,8,1.0048,0.12997499999999998,2024-01-28 20:17:29+00:00
900,us-east-1f,z1d.6xlarge,8,0.8897,0.11558750000000001,2024-01-28 20:17:29+00:00
901,us-east-1a,z1d.6xlarge,8,1.0203,0.1319125,2024-01-28 20:17:29+00:00
902,us-east-1b,r5.8xlarge,8,0.9927,0.1284625,2024-01-28 20:17:29+00:00
903,us-east-1a,i3.metal,15,1.8174,0.12582666666666667,2024-01-28 20:17:28+00:00
904,us-east-1f,c6g.2xlarge,4,0.1367,0.037925,2024-01-28 20:17:28+00:00
905,us-east-1f,m7i-flex.xlarge,4,0.0926,0.0269,2024-01-28 20:17:28+00:00
906,us-east-1c,r5a.12xlarge,8,1.6214,0.20704999999999998,2024-01-28 20:17:28+00:00
907,us-east-1a,r6idn.24xlarge,15,4.5813,0.3100866666666667,2024-01-28 20:17:27+00:00
908,us-east-1c,x2iedn.4xlarge,8,1.3822,0.17715,2024-01-28 20:17:27+00:00
909,us-east-1f,m7a.2xlarge,4,0.194,0.052250000000000005,2024-01-28 20:17:27+00:00
910,us-east-1f,r6in.metal,14,4.0242,0.29208571428571434,2024-01-28 20:17:27+00:00
911,us-east-1d,r6in.metal,14,4.1734,0.30274285714285715,2024-01-28 20:17:27+00:00
912,us-east-1d,m5zn.large,3,0.0823,0.030766666666666664,2024-01-28 20:17:26+00:00
913,us-east-1f,t4g.2xlarge,4,0.1196,0.03365,2024-01-28 20:17:25+00:00
914,us-east-1d,m7i.4xlarge,8,0.4336,0.058575,2024-01-28 20:17:25+00:00
915,us-east-1a,r7iz.8xlarge,8,1.6442,0.2099,2024-01-28 20:17:25+00:00
916,us-east-1a,m5n.16xlarge,15,2.0184,0.13922666666666667,2024-01-28 20:17:24+00:00
917,us-east-1b,m6idn.8xlarge,8,1.2841,0.1648875,2024-01-28 20:17:23+00:00
918,us-east-1c,m6idn.8xlarge,8,1.0199,0.1318625,2024-01-28 20:17:23+00:00
919,us-east-1c,g5g.4xlarge,8,0.3795,0.0518125,2024-01-28 20:17:23+00:00
920,us-east-1f,c6a.16xlarge,15,1.0749,0.07632666666666667,2024-01-28 20:17:22+00:00
921,us-east-1f,c6a.24xlarge,15,2.1391,0.1472733333333333,2024-01-28 20:17:22+00:00
922,us-east-1b,g5g.metal,15,1.3195,0.09263333333333333,2024-01-28 20:17:19+00:00
923,us-east-1a,m5d.8xlarge,8,0.9926,0.12845,2024-01-28 20:17:19+00:00
924,us-east-1c,r7i.48xlarge,15,2.849,0.1946,2024-01-28 20:17:18+00:00
925,us-east-1b,h1.16xlarge,15,1.6378,0.11385333333333333,2024-01-28 20:17:18+00:00
926,us-east-1f,c4.large,3,0.0499,0.019966666666666667,2024-01-28 20:17:18+00:00
927,us-east-1a,c6gn.4xlarge,8,0.3056,0.042575,2024-01-28 20:17:18+00:00
928,us-east-1c,c6i.8xlarge,8,0.7096,0.093075,2024-01-28 20:17:17+00:00
929,us-east-1a,g4ad.xlarge,2,0.1633,0.08415,2024-01-28 20:17:17+00:00
930,us-east-1a,z1d.12xlarge,15,2.561,0.17539999999999997,2024-01-28 20:17:14+00:00
931,us-east-1f,m5zn.xlarge,4,0.1605,0.043875,2024-01-28 20:17:14+00:00
932,us-east-1b,f1.16xlarge,8,5.0785,0.6391875,2024-01-28 20:17:14+00:00
933,us-east-1d,c6a.xlarge,4,0.0782,0.0233,2024-01-28 20:17:13+00:00
934,us-east-1f,x2idn.32xlarge,15,4.9179,0.3325266666666667,2024-01-28 20:17:12+00:00
935,us-east-1a,r7a.24xlarge,15,3.7331,0.25354,2024-01-28 20:17:12+00:00
936,us-east-1b,c7g.4xlarge,8,0.2808,0.039474999999999996,2024-01-28 20:17:11+00:00
937,us-east-1c,m6a.12xlarge,8,0.9524,0.123425,2024-01-28 20:17:10+00:00
938,us-east-1d,c6in.2xlarge,4,0.2747,0.072425,2024-01-28 20:17:10+00:00
939,us-east-1a,r5a.24xlarge,15,2.3329,0.16019333333333333,2024-01-28 20:17:10+00:00
940,us-east-1e,g3s.xlarge,4,0.377,0.098,2024-01-28 20:17:10+00:00
941,us-east-1d,i4g.4xlarge,8,0.6628,0.087225,2024-01-28 20:17:09+00:00
942,us-east-1f,m7gd.2xlarge,4,0.1907,0.051425,2024-01-28 20:17:07+00:00
943,us-east-1b,m6in.metal,14,3.9086,0.28382857142857143,2024-01-28 20:17:07+00:00
944,us-east-1d,c6gd.metal,15,1.1896,0.08397333333333333,2024-01-28 20:17:06+00:00
945,us-east-1a,i2.4xlarge,8,1.2662,0.16265,2024-01-28 20:17:06+00:00
946,us-east-1c,x2gd.2xlarge,4,0.3898,0.1012,2024-01-28 20:17:06+00:00
947,us-east-1c,m6id.4xlarge,8,0.3622,0.04965,2024-01-28 20:17:05+00:00
948,us-east-1a,c6g.8xlarge,8,0.4245,0.0574375,2024-01-28 20:17:05+00:00
949,us-east-1d,r5n.8xlarge,8,1.4254,0.18255,2024-01-28 20:17:05+00:00
950,us-east-1d,c6gd.16xlarge,15,1.1868,0.08378666666666668,2024-01-28 20:17:02+00:00
951,us-east-1d,r7i.2xlarge,4,0.2673,0.070575,2024-01-28 20:17:02+00:00
952,us-east-1b,r5.large,3,0.0548,0.021599999999999998,2024-01-28 20:17:01+00:00
953,us-east-1b,r6g.4xlarge,8,0.3536,0.04857500000000001,2024-01-28 20:17:01+00:00
954,us-east-1e,r3.2xlarge,4,0.4579,0.118225,2024-01-28 20:17:01+00:00
955,us-east-1d,m5.4xlarge,8,0.3792,0.051775,2024-01-28 20:17:00+00:00
956,us-east-1f,r6i.xlarge,4,0.108,0.03075,2024-01-28 20:17:00+00:00
957,us-east-1c,m5d.xlarge,4,0.1337,0.037175,2024-01-28 20:17:00+00:00
958,us-east-1c,r5ad.24xlarge,15,2.5833,0.17688666666666666,2024-01-28 20:16:59+00:00
959,us-east-1c,c6g.4xlarge,8,0.2459,0.035112500000000005,2024-01-28 20:16:59+00:00
960,us-east-1b,i3.2xlarge,4,0.3104,0.08135,2024-01-28 20:16:59+00:00
961,us-east-1c,c5d.4xlarge,8,0.4102,0.055650000000000005,2024-01-28 20:16:59+00:00
962,us-east-1d,inf2.8xlarge,8,0.891,0.11575,2024-01-28 20:16:57+00:00
963,us-east-1d,c5ad.2xlarge,4,0.1979,0.053224999999999995,2024-01-28 20:16:55+00:00
964,us-east-1f,i3.metal,15,1.9678,0.13585333333333333,2024-01-28 20:03:28+00:00
965,us-east-1a,r7a.48xlarge,15,5.7225,0.3861666666666667,2024-01-28 20:03:27+00:00
966,us-east-1d,r3.2xlarge,4,0.361,0.094,2024-01-28 20:03:21+00:00
967,us-east-1b,m5a.24xlarge,15,1.8702,0.12934666666666667,2024-01-28 20:03:21+00:00
968,us-east-1c,m5a.24xlarge,15,1.7524,0.12149333333333333,2024-01-28 20:03:21+00:00
969,us-east-1c,r6id.metal,15,6.4796,0.43664,2024-01-28 20:03:16+00:00
970,us-east-1a,r6idn.metal,14,5.0798,0.3674857142857143,2024-01-28 20:03:15+00:00
971,us-east-1a,m5a.16xlarge,15,1.0754,0.07636,2024-01-28 20:03:11+00:00
972,us-east-1b,m6in.4xlarge,8,0.8402,0.1094,2024-01-28 20:03:10+00:00
973,us-east-1c,c6in.12xlarge,8,1.3831,0.1772625,2024-01-28 20:03:10+00:00
974,us-east-1d,g5.xlarge,4,0.5431,0.139525,2024-01-28 20:03:10+00:00
975,us-east-1f,c7a.32xlarge,15,2.5147,0.17231333333333332,2024-01-28 20:03:07+00:00
976,us-east-1f,r6g.medium,2,0.0208,0.0129,2024-01-28 20:03:04+00:00
977,us-east-1c,is4gen.large,3,0.1121,0.0407,2024-01-28 20:03:03+00:00
978,us-east-1c,r6idn.16xlarge,15,2.5451,0.17434,2024-01-28 20:03:03+00:00
979,us-east-1d,c5ad.24xlarge,15,1.7886,0.12390666666666666,2024-01-28 20:03:00+00:00
980,us-east-1c,r5b.2xlarge,4,0.4503,0.116325,2024-01-28 20:02:59+00:00
981,us-east-1d,c7gn.16xlarge,15,1.7031,0.11820666666666667,2024-01-28 20:02:58+00:00
982,us-east-1d,c5a.24xlarge,15,1.6463,0.11442000000000001,2024-01-28 20:02:58+00:00
983,us-east-1d,m7a.32xlarge,15,2.9982,0.20454666666666668,2024-01-28 20:02:58+00:00
984,us-east-1c,m1.large,3,0.0753,0.028433333333333335,2024-01-28 20:02:58+00:00
985,us-east-1d,c6in.metal,14,3.1501,0.22965,2024-01-28 20:02:58+00:00
986,us-east-1f,c6i.metal,15,2.3631,0.16220666666666667,2024-01-28 20:02:57+00:00
987,us-east-1d,r5n.16xlarge,15,2.4237,0.16624666666666668,2024-01-28 20:02:57+00:00
988,us-east-1c,m7i.12xlarge,8,0.9776,0.126575,2024-01-28 20:02:55+00:00
989,us-east-1a,x1.32xlarge,8,4.8473,0.6102875,2024-01-28 20:02:54+00:00
990,us-east-1c,m6in.32xlarge,14,3.2929,0.23984999999999998,2024-01-28 20:02:53+00:00
991,us-east-1a,d3en.xlarge,4,0.2095,0.056124999999999994,2024-01-28 20:02:53+00:00
992,us-east-1c,c6a.16xlarge,15,1.219,0.08593333333333335,2024-01-28 20:02:52+00:00
993,us-east-1d,m7g.16xlarge,15,1.0919,0.07746000000000001,2024-01-28 20:02:52+00:00
994,us-east-1c,c6in.24xlarge,15,2.4073,0.16515333333333335,2024-01-28 20:02:52+00:00
995,us-east-1a,r5dn.16xlarge,15,2.9172,0.19914666666666664,2024-01-28 20:02:51+00:00
996,us-east-1b,r6idn.xlarge,4,0.1982,0.0533,2024-01-28 20:02:50+00:00
997,us-east-1b,im4gn.xlarge,4,0.1523,0.041825,2024-01-28 20:02:50+00:00
998,us-east-1a,z1d.metal,15,1.6487,0.11458,2024-01-28 20:02:50+00:00
999,us-east-1b,r6a.48xlarge,15,4.4674,0.30249333333333334,2024-01-28 20:02:50+00:00
